Workbook

Sheet Data Bulanan
A1: DATA PEMAKAIAN BULANAN & HARIAN BAHAN BAKU — PT. JJ Top Cosmindo Sidoarjo (2021–2025)
A2: σ_d dihitung dari 60 nilai d_harian (12 bulan × 5 tahun) per bahan · d_harian = Pemakaian Bulanan ÷ Hari/Bulan · Warna KUNING = input/turunan aktual · Warna HIJAU = formula Excel · Warna MERAH MUDA = σ_d (dipakai di sheet Data Historis)
A3: No | B3: Kode | C3: Nama Bahan Baku | D3: Satuan | E3: TAHUN 2021 | AE3: TAHUN 2022 | BE3: TAHUN 2023 | CE3: TAHUN 2024 | DE3: TAHUN 2025 | EE3: σ_d Global (Std Dev d_harian 5 Tahun × 12 Bln)
E4: Jan | G4: Feb | I4: Mar | K4: Apr | M4: Mei | O4: Jun | Q4: Jul | S4: Agu | U4: Sep | W4: Okt | Y4: Nov | AA4: Des | AC4: Total Pemakaian (unit/thn) | AD4: σ_d 2021 | AE4: Jan | AG4: Feb | AI4: Mar | AK4: Apr | AM4: Mei | AO4: Jun | AQ4: Jul | AS4: Agu | AU4: Sep | AW4: Okt | AY4: Nov | BA4: Des | BC4: Total Pemakaian (unit/thn) | BD4: σ_d 2022 | BE4: Jan | BG4: Feb | BI4: Mar | BK4: Apr | BM4: Mei | BO4: Jun | BQ4: Jul | BS4: Agu | BU4: Sep | BW4: Okt | BY4: Nov | CA4: Des | CC4: Total Pemakaian (unit/thn) | CD4: σ_d 2023 | CE4: Jan | CG4: Feb | CI4: Mar | CK4: Apr | CM4: Mei | CO4: Jun | CQ4: Jul | CS4: Agu | CU4: Sep | CW4: Okt | CY4: Nov | DA4: Des | DC4: Total Pemakaian (unit/thn) | DD4: σ_d 2024 | DE4: Jan | DG4: Feb | DI4: Mar | DK4: Apr | DM4: Mei | DO4: Jun | DQ4: Jul | DS4: Agu | DU4: Sep | DW4: Okt | DY4: Nov | EA4: Des | EC4: Total Pemakaian (unit/thn) | ED4: σ_d 2025
E5: Pemakaian (unit/31hr) | F5: d_harian (unit/hr) | G5: Pemakaian (unit/28hr) | H5: d_harian (unit/hr) | I5: Pemakaian (unit/31hr) | J5: d_harian (unit/hr) | K5: Pemakaian (unit/30hr) | L5: d_harian (unit/hr) | M5: Pemakaian (unit/31hr) | N5: d_harian (unit/hr) | O5: Pemakaian (unit/30hr) | P5: d_harian (unit/hr) | Q5: Pemakaian (unit/31hr) | R5: d_harian (unit/hr) | S5: Pemakaian (unit/31hr) | T5: d_harian (unit/hr) | U5: Pemakaian (unit/30hr) | V5: d_harian (unit/hr) | W5: Pemakaian (unit/31hr) | X5: d_harian (unit/hr) | Y5: Pemakaian (unit/30hr) | Z5: d_harian (unit/hr) | AA5: Pemakaian (unit/31hr) | AB5: d_harian (unit/hr) | AE5: Pemakaian (unit/31hr) | AF5: d_harian (unit/hr) | AG5: Pemakaian (unit/28hr) | AH5: d_harian (unit/hr) | AI5: Pemakaian (unit/31hr) | AJ5: d_harian (unit/hr) | AK5: Pemakaian (unit/30hr) | AL5: d_harian (unit/hr) | AM5: Pemakaian (unit/31hr) | AN5: d_harian (unit/hr) | AO5: Pemakaian (unit/30hr) | AP5: d_harian (unit/hr) | AQ5: Pemakaian (unit/31hr) | AR5: d_harian (unit/hr) | AS5: Pemakaian (unit/31hr) | AT5: d_harian (unit/hr) | AU5: Pemakaian (unit/30hr) | AV5: d_harian (unit/hr) | AW5: Pemakaian (unit/31hr) | AX5: d_harian (unit/hr) | AY5: Pemakaian (unit/30hr) | AZ5: d_harian (unit/hr) | BA5: Pemakaian (unit/31hr) | BB5: d_harian (unit/hr) | BE5: Pemakaian (unit/31hr) | BF5: d_harian (unit/hr) | BG5: Pemakaian (unit/28hr) | BH5: d_harian (unit/hr) | BI5: Pemakaian (unit/31hr) | BJ5: d_harian (unit/hr) | BK5: Pemakaian (unit/30hr) | BL5: d_harian (unit/hr) | BM5: Pemakaian (unit/31hr) | BN5: d_harian (unit/hr) | BO5: Pemakaian (unit/30hr) | BP5: d_harian (unit/hr) | BQ5: Pemakaian (unit/31hr) | BR5: d_harian (unit/hr) | BS5: Pemakaian (unit/31hr) | BT5: d_harian (unit/hr) | BU5: Pemakaian (unit/30hr) | BV5: d_harian (unit/hr) | BW5: Pemakaian (unit/31hr) | BX5: d_harian (unit/hr) | BY5: Pemakaian (unit/30hr) | BZ5: d_harian (unit/hr) | CA5: Pemakaian (unit/31hr) | CB5: d_harian (unit/hr) | CE5: Pemakaian (unit/31hr) | CF5: d_harian (unit/hr) | CG5: Pemakaian (unit/28hr) | CH5: d_harian (unit/hr) | CI5: Pemakaian (unit/31hr) | CJ5: d_harian (unit/hr) | CK5: Pemakaian (unit/30hr) | CL5: d_harian (unit/hr) | CM5: Pemakaian (unit/31hr) | CN5: d_harian (unit/hr) | CO5: Pemakaian (unit/30hr) | CP5: d_harian (unit/hr) | CQ5: Pemakaian (unit/31hr) | CR5: d_harian (unit/hr) | CS5: Pemakaian (unit/31hr) | CT5: d_harian (unit/hr) | CU5: Pemakaian (unit/30hr) | CV5: d_harian (unit/hr) | CW5: Pemakaian (unit/31hr) | CX5: d_harian (unit/hr) | CY5: Pemakaian (unit/30hr) | CZ5: d_harian (unit/hr) | DA5: Pemakaian (unit/31hr) | DB5: d_harian (unit/hr) | DE5: Pemakaian (unit/31hr) | DF5: d_harian (unit/hr) | DG5: Pemakaian (unit/28hr) | DH5: d_harian (unit/hr) | DI5: Pemakaian (unit/31hr) | DJ5: d_harian (unit/hr) | DK5: Pemakaian (unit/30hr) | DL5: d_harian (unit/hr) | DM5: Pemakaian (unit/31hr) | DN5: d_harian (unit/hr) | DO5: Pemakaian (unit/30hr) | DP5: d_harian (unit/hr) | DQ5: Pemakaian (unit/31hr) | DR5: d_harian (unit/hr) | DS5: Pemakaian (unit/31hr) | DT5: d_harian (unit/hr) | DU5: Pemakaian (unit/30hr) | DV5: d_harian (unit/hr) | DW5: Pemakaian (unit/31hr) | DX5: d_harian (unit/hr) | DY5: Pemakaian (unit/30hr) | DZ5: d_harian (unit/hr) | EA5: Pemakaian (unit/31hr) | EB5: d_harian (unit/hr)
A6: 1 | B6: BB001 | C6: Phenoxyethanol | D6: kg | E6: 3725 | F6: =E6/31 -> 120.16129 | G6: 2078 | H6: =G6/28 -> 74.214286 | I6: 2748 | J6: =I6/31 -> 88.645161 | K6: 2609 | L6: =K6/30 -> 86.966667 | M6: 3985 | N6: =M6/31 -> 128.54839 | O6: 3825 | P6: =O6/30 -> 127.5 | Q6: 4403 | R6: =Q6/31 -> 142.03226 | S6: 2244 | T6: =S6/31 -> 72.387097 | U6: 3142 | V6: =U6/30 -> 104.73333 | W6: 2091 | X6: =W6/31 -> 67.451613 | Y6: 2597 | Z6: =Y6/30 -> 86.566667 | AA6: 3366 | AB6: =AA6/31 -> 108.58065 | AC6: =SUM(E6:AA6) -> 37912.207 | AD6: =IFERROR(STDEV(F6,H6,J6,L6,N6,P6,R6,T6,V6,X6,Z6,AB6),0) -> 24.865922 | AE6: 1966 | AF6: =AE6/31 -> 63.419355 | AG6: 2402 | AH6: =AG6/28 -> 85.785714 | AI6: 3544 | AJ6: =AI6/31 -> 114.32258 | AK6: 3278 | AL6: =AK6/30 -> 109.26667 | AM6: 2457 | AN6: =AM6/31 -> 79.258065 | AO6: 3391 | AP6: =AO6/30 -> 113.03333 | AQ6: 3948 | AR6: =AQ6/31 -> 127.35484 | AS6: 1915 | AT6: =AS6/31 -> 61.774194 | AU6: 3939 | AV6: =AU6/30 -> 131.3 | AW6: 3666 | AX6: =AW6/31 -> 118.25806 | AY6: 2760 | AZ6: =AY6/30 -> 92 | BA6: 2292 | BB6: =BA6/31 -> 73.935484 | BC6: =SUM(AE6:BA6) -> 36653.773 | BD6: =IFERROR(STDEV(AF6,AH6,AJ6,AL6,AN6,AP6,AR6,AT6,AV6,AX6,AZ6,BB6),0) -> 24.53334 | BE6: 4043 | BF6: =BE6/31 -> 130.41935 | BG6: 2574 | BH6: =BG6/28 -> 91.928571 | BI6: 1996 | BJ6: =BI6/31 -> 64.387097 | BK6: 2005 | BL6: =BK6/30 -> 66.833333 | BM6: 3784 | BN6: =BM6/31 -> 122.06452 | BO6: 3206 | BP6: =BO6/30 -> 106.86667 | BQ6: 3688 | BR6: =BQ6/31 -> 118.96774 | BS6: 3505 | BT6: =BS6/31 -> 113.06452 | BU6: 3046 | BV6: =BU6/30 -> 101.53333 | BW6: 4081 | BX6: =BW6/31 -> 131.64516 | BY6: 2673 | BZ6: =BY6/30 -> 89.1 | CA6: 3084 | CB6: =CA6/31 -> 99.483871 | CC6: =SUM(BE6:CA6) -> 38821.81 | CD6: =IFERROR(STDEV(BF6,BH6,BJ6,BL6,BN6,BP6,BR6,BT6,BV6,BX6,BZ6,CB6),0) -> 22.230843 | CE6: 4507 | CF6: =CE6/31 -> 145.3871 | CG6: 3906 | CH6: =CG6/28 -> 139.5 | CI6: 4600 | CJ6: =CI6/31 -> 148.3871 | CK6: 3788 | CL6: =CK6/30 -> 126.26667 | CM6: 4151 | CN6: =CM6/31 -> 133.90323 | CO6: 2271 | CP6: =CO6/30 -> 75.7 | CQ6: 2791 | CR6: =CQ6/31 -> 90.032258 | CS6: 2966 | CT6: =CS6/31 -> 95.677419 | CU6: 2368 | CV6: =CU6/30 -> 78.933333 | CW6: 2805 | CX6: =CW6/31 -> 90.483871 | CY6: 2429 | CZ6: =CY6/30 -> 80.966667 | DA6: 2934 | DB6: =DA6/31 -> 94.645161 | DC6: =SUM(CE6:DA6) -> 40721.238 | DD6: =IFERROR(STDEV(CF6,CH6,CJ6,CL6,CN6,CP6,CR6,CT6,CV6,CX6,CZ6,DB6),0) -> 27.966488 | DE6: 2948 | DF6: =DE6/31 -> 95.096774 | DG6: 2372 | DH6: =DG6/28 -> 84.714286 | DI6: 2383 | DJ6: =DI6/31 -> 76.870968 | DK6: 2041 | DL6: =DK6/30 -> 68.033333 | DM6: 2163 | DN6: =DM6/31 -> 69.774194 | DO6: 3588 | DP6: =DO6/30 -> 119.6 | DQ6: 2974 | DR6: =DQ6/31 -> 95.935484 | DS6: 2891 | DT6: =DS6/31 -> 93.258065 | DU6: 1960 | DV6: =DU6/30 -> 65.333333 | DW6: 3147 | DX6: =DW6/31 -> 101.51613 | DY6: 1943 | DZ6: =DY6/30 -> 64.766667 | EA6: 2403 | EB6: =EA6/31 -> 77.516129 | EC6: =SUM(DE6:EA6) -> 31747.899 | ED6: =IFERROR(STDEV(DF6,DH6,DJ6,DL6,DN6,DP6,DR6,DT6,DV6,DX6,DZ6,EB6),0) -> 17.037135 | EE6: =STDEV(F6:AB6,AF6:BB6,BF6:CB6,CF6:DB6,DF6:EB6) -> 1523.1255
A7: 2 | B7: BB002 | C7: Glycerin | D7: kg | E7: 4411 | F7: =E7/31 -> 142.29032 | G7: 3524 | H7: =G7/28 -> 125.85714 | I7: 3314 | J7: =I7/31 -> 106.90323 | K7: 3637 | L7: =K7/30 -> 121.23333 | M7: 4039 | N7: =M7/31 -> 130.29032 | O7: 3869 | P7: =O7/30 -> 128.96667 | Q7: 2482 | R7: =Q7/31 -> 80.064516 | S7: 1983 | T7: =S7/31 -> 63.967742 | U7: 2701 | V7: =U7/30 -> 90.033333 | W7: 2580 | X7: =W7/31 -> 83.225806 | Y7: 2437 | Z7: =Y7/30 -> 81.233333 | AA7: 4292 | AB7: =AA7/31 -> 138.45161 | AC7: =SUM(E7:AA7) -> 40423.066 | AD7: =IFERROR(STDEV(F7,H7,J7,L7,N7,P7,R7,T7,V7,X7,Z7,AB7),0) -> 26.809131 | AE7: 4644 | AF7: =AE7/31 -> 149.80645 | AG7: 3040 | AH7: =AG7/28 -> 108.57143 | AI7: 4013 | AJ7: =AI7/31 -> 129.45161 | AK7: 3271 | AL7: =AK7/30 -> 109.03333 | AM7: 4753 | AN7: =AM7/31 -> 153.32258 | AO7: 3452 | AP7: =AO7/30 -> 115.06667 | AQ7: 2898 | AR7: =AQ7/31 -> 93.483871 | AS7: 2846 | AT7: =AS7/31 -> 91.806452 | AU7: 3744 | AV7: =AU7/30 -> 124.8 | AW7: 2892 | AX7: =AW7/31 -> 93.290323 | AY7: 3811 | AZ7: =AY7/30 -> 127.03333 | BA7: 4705 | BB7: =BA7/31 -> 151.77419 | BC7: =SUM(AE7:BA7) -> 45364.666 | BD7: =IFERROR(STDEV(AF7,AH7,AJ7,AL7,AN7,AP7,AR7,AT7,AV7,AX7,AZ7,BB7),0) -> 22.668063 | BE7: 3677 | BF7: =BE7/31 -> 118.6129 | BG7: 3101 | BH7: =BG7/28 -> 110.75 | BI7: 5590 | BJ7: =BI7/31 -> 180.32258 | BK7: 4029 | BL7: =BK7/30 -> 134.3 | BM7: 2690 | BN7: =BM7/31 -> 86.774194 | BO7: 2550 | BP7: =BO7/30 -> 85 | BQ7: 2750 | BR7: =BQ7/31 -> 88.709677 | BS7: 4406 | BT7: =BS7/31 -> 142.12903 | BU7: 4933 | BV7: =BU7/30 -> 164.43333 | BW7: 3750 | BX7: =BW7/31 -> 120.96774 | BY7: 2602 | BZ7: =BY7/30 -> 86.733333 | CA7: 3620 | CB7: =CA7/31 -> 116.77419 | CC7: =SUM(BE7:CA7) -> 45016.733 | CD7: =IFERROR(STDEV(BF7,BH7,BJ7,BL7,BN7,BP7,BR7,BT7,BV7,BX7,BZ7,CB7),0) -> 31.361782 | CE7: 3854 | CF7: =CE7/31 -> 124.32258 | CG7: 2823 | CH7: =CG7/28 -> 100.82143 | CI7: 3799 | CJ7: =CI7/31 -> 122.54839 | CK7: 3556 | CL7: =CK7/30 -> 118.53333 | CM7: 1681 | CN7: =CM7/31 -> 54.225806 | CO7: 3246 | CP7: =CO7/30 -> 108.2 | CQ7: 3160 | CR7: =CQ7/31 -> 101.93548 | CS7: 2841 | CT7: =CS7/31 -> 91.645161 | CU7: 2245 | CV7: =CU7/30 -> 74.833333 | CW7: 3070 | CX7: =CW7/31 -> 99.032258 | CY7: 1902 | CZ7: =CY7/30 -> 63.4 | DA7: 2615 | DB7: =DA7/31 -> 84.354839 | DC7: =SUM(CE7:DA7) -> 35851.498 | DD7: =IFERROR(STDEV(CF7,CH7,CJ7,CL7,CN7,CP7,CR7,CT7,CV7,CX7,CZ7,DB7),0) -> 22.635774 | DE7: 2611 | DF7: =DE7/31 -> 84.225806 | DG7: 3695 | DH7: =DG7/28 -> 131.96429 | DI7: 3526 | DJ7: =DI7/31 -> 113.74194 | DK7: 2198 | DL7: =DK7/30 -> 73.266667 | DM7: 2712 | DN7: =DM7/31 -> 87.483871 | DO7: 2014 | DP7: =DO7/30 -> 67.133333 | DQ7: 3606 | DR7: =DQ7/31 -> 116.32258 | DS7: 3515 | DT7: =DS7/31 -> 113.3871 | DU7: 2274 | DV7: =DU7/30 -> 75.8 | DW7: 3012 | DX7: =DW7/31 -> 97.16129 | DY7: 2947 | DZ7: =DY7/30 -> 98.233333 | EA7: 1958 | EB7: =EA7/31 -> 63.16129 | EC7: =SUM(DE7:EA7) -> 35126.72 | ED7: =IFERROR(STDEV(DF7,DH7,DJ7,DL7,DN7,DP7,DR7,DT7,DV7,DX7,DZ7,EB7),0) -> 21.95436 | EE7: =STDEV(F7:AB7,AF7:BB7,BF7:CB7,CF7:DB7,DF7:EB7) -> 1658.0651
A8: 3 | B8: BB003 | C8: Cetyl Alcohol | D8: kg | E8: 3492 | F8: =E8/31 -> 112.64516 | G8: 2977 | H8: =G8/28 -> 106.32143 | I8: 3529 | J8: =I8/31 -> 113.83871 | K8: 2956 | L8: =K8/30 -> 98.533333 | M8: 1733 | N8: =M8/31 -> 55.903226 | O8: 2480 | P8: =O8/30 -> 82.666667 | Q8: 1776 | R8: =Q8/31 -> 57.290323 | S8: 3877 | T8: =S8/31 -> 125.06452 | U8: 3760 | V8: =U8/30 -> 125.33333 | W8: 3652 | X8: =W8/31 -> 117.80645 | Y8: 2441 | Z8: =Y8/30 -> 81.366667 | AA8: 1865 | AB8: =AA8/31 -> 60.16129 | AC8: =SUM(E8:AA8) -> 35614.77 | AD8: =IFERROR(STDEV(F8,H8,J8,L8,N8,P8,R8,T8,V8,X8,Z8,AB8),0) -> 26.375842 | AE8: 2938 | AF8: =AE8/31 -> 94.774194 | AG8: 3062 | AH8: =AG8/28 -> 109.35714 | AI8: 1508 | AJ8: =AI8/31 -> 48.645161 | AK8: 2230 | AL8: =AK8/30 -> 74.333333 | AM8: 1478 | AN8: =AM8/31 -> 47.677419 | AO8: 2726 | AP8: =AO8/30 -> 90.866667 | AQ8: 2735 | AR8: =AQ8/31 -> 88.225806 | AS8: 1585 | AT8: =AS8/31 -> 51.129032 | AU8: 2211 | AV8: =AU8/30 -> 73.7 | AW8: 2346 | AX8: =AW8/31 -> 75.677419 | AY8: 1832 | AZ8: =AY8/30 -> 61.066667 | BA8: 2928 | BB8: =BA8/31 -> 94.451613 | BC8: =SUM(AE8:BA8) -> 28394.453 | BD8: =IFERROR(STDEV(AF8,AH8,AJ8,AL8,AN8,AP8,AR8,AT8,AV8,AX8,AZ8,BB8),0) -> 20.395968 | BE8: 2325 | BF8: =BE8/31 -> 75 | BG8: 1906 | BH8: =BG8/28 -> 68.071429 | BI8: 2555 | BJ8: =BI8/31 -> 82.419355 | BK8: 2933 | BL8: =BK8/30 -> 97.766667 | BM8: 1885 | BN8: =BM8/31 -> 60.806452 | BO8: 2104 | BP8: =BO8/30 -> 70.133333 | BQ8: 3459 | BR8: =BQ8/31 -> 111.58065 | BS8: 2775 | BT8: =BS8/31 -> 89.516129 | BU8: 2355 | BV8: =BU8/30 -> 78.5 | BW8: 2512 | BX8: =BW8/31 -> 81.032258 | BY8: 1726 | BZ8: =BY8/30 -> 57.533333 | CA8: 1932 | CB8: =CA8/31 -> 62.322581 | CC8: =SUM(BE8:CA8) -> 29339.36 | CD8: =IFERROR(STDEV(BF8,BH8,BJ8,BL8,BN8,BP8,BR8,BT8,BV8,BX8,BZ8,CB8),0) -> 15.981744 | CE8: 2042 | CF8: =CE8/31 -> 65.870968 | CG8: 2511 | CH8: =CG8/28 -> 89.678571 | CI8: 1839 | CJ8: =CI8/31 -> 59.322581 | CK8: 1821 | CL8: =CK8/30 -> 60.7 | CM8: 1541 | CN8: =CM8/31 -> 49.709677 | CO8: 2592 | CP8: =CO8/30 -> 86.4 | CQ8: 1837 | CR8: =CQ8/31 -> 59.258065 | CS8: 3107 | CT8: =CS8/31 -> 100.22581 | CU8: 3021 | CV8: =CU8/30 -> 100.7 | CW8: 1540 | CX8: =CW8/31 -> 49.677419 | CY8: 1854 | CZ8: =CY8/30 -> 61.8 | DA8: 2663 | DB8: =DA8/31 -> 85.903226 | DC8: =SUM(CE8:DA8) -> 27151.343 | DD8: =IFERROR(STDEV(CF8,CH8,CJ8,CL8,CN8,CP8,CR8,CT8,CV8,CX8,CZ8,DB8),0) -> 18.874728 | DE8: 2107 | DF8: =DE8/31 -> 67.967742 | DG8: 1928 | DH8: =DG8/28 -> 68.857143 | DI8: 3683 | DJ8: =DI8/31 -> 118.80645 | DK8: 2887 | DL8: =DK8/30 -> 96.233333 | DM8: 2672 | DN8: =DM8/31 -> 86.193548 | DO8: 3354 | DP8: =DO8/30 -> 111.8 | DQ8: 3404 | DR8: =DQ8/31 -> 109.80645 | DS8: 2055 | DT8: =DS8/31 -> 66.290323 | DU8: 1851 | DV8: =DU8/30 -> 61.7 | DW8: 2581 | DX8: =DW8/31 -> 83.258065 | DY8: 2565 | DZ8: =DY8/30 -> 85.5 | EA8: 2660 | EB8: =EA8/31 -> 85.806452 | EC8: =SUM(DE8:EA8) -> 32703.413 | ED8: =IFERROR(STDEV(DF8,DH8,DJ8,DL8,DN8,DP8,DR8,DT8,DV8,DX8,DZ8,EB8),0) -> 19.094294 | EE8: =STDEV(F8:AB8,AF8:BB8,BF8:CB8,CF8:DB8,DF8:EB8) -> 1280.2654
A9: 4 | B9: BB004 | C9: Stearic Acid | D9: kg | E9: 3617 | F9: =E9/31 -> 116.67742 | G9: 3481 | H9: =G9/28 -> 124.32143 | I9: 4241 | J9: =I9/31 -> 136.80645 | K9: 2075 | L9: =K9/30 -> 69.166667 | M9: 2819 | N9: =M9/31 -> 90.935484 | O9: 2664 | P9: =O9/30 -> 88.8 | Q9: 3941 | R9: =Q9/31 -> 127.12903 | S9: 2442 | T9: =S9/31 -> 78.774194 | U9: 2299 | V9: =U9/30 -> 76.633333 | W9: 2931 | X9: =W9/31 -> 94.548387 | Y9: 2866 | Z9: =Y9/30 -> 95.533333 | AA9: 2515 | AB9: =AA9/31 -> 81.129032 | AC9: =SUM(E9:AA9) -> 36990.326 | AD9: =IFERROR(STDEV(F9,H9,J9,L9,N9,P9,R9,T9,V9,X9,Z9,AB9),0) -> 22.33862 | AE9: 2341 | AF9: =AE9/31 -> 75.516129 | AG9: 3919 | AH9: =AG9/28 -> 139.96429 | AI9: 2794 | AJ9: =AI9/31 -> 90.129032 | AK9: 3774 | AL9: =AK9/30 -> 125.8 | AM9: 3045 | AN9: =AM9/31 -> 98.225806 | AO9: 1875 | AP9: =AO9/30 -> 62.5 | AQ9: 4097 | AR9: =AQ9/31 -> 132.16129 | AS9: 3714 | AT9: =AS9/31 -> 119.80645 | AU9: 4026 | AV9: =AU9/30 -> 134.2 | AW9: 3926 | AX9: =AW9/31 -> 126.64516 | AY9: 3744 | AZ9: =AY9/30 -> 124.8 | BA9: 2146 | BB9: =BA9/31 -> 69.225806 | BC9: =SUM(AE9:BA9) -> 40630.748 | BD9: =IFERROR(STDEV(AF9,AH9,AJ9,AL9,AN9,AP9,AR9,AT9,AV9,AX9,AZ9,BB9),0) -> 27.668652 | BE9: 3060 | BF9: =BE9/31 -> 98.709677 | BG9: 2387 | BH9: =BG9/28 -> 85.25 | BI9: 2851 | BJ9: =BI9/31 -> 91.967742 | BK9: 2003 | BL9: =BK9/30 -> 66.766667 | BM9: 2796 | BN9: =BM9/31 -> 90.193548 | BO9: 4298 | BP9: =BO9/30 -> 143.26667 | BQ9: 2514 | BR9: =BQ9/31 -> 81.096774 | BS9: 3799 | BT9: =BS9/31 -> 122.54839 | BU9: 2984 | BV9: =BU9/30 -> 99.466667 | BW9: 2905 | BX9: =BW9/31 -> 93.709677 | BY9: 4228 | BZ9: =BY9/30 -> 140.93333 | CA9: 4323 | CB9: =CA9/31 -> 139.45161 | CC9: =SUM(BE9:CA9) -> 39261.909 | CD9: =IFERROR(STDEV(BF9,BH9,BJ9,BL9,BN9,BP9,BR9,BT9,BV9,BX9,BZ9,CB9),0) -> 25.684574 | CE9: 2782 | CF9: =CE9/31 -> 89.741935 | CG9: 3128 | CH9: =CG9/28 -> 111.71429 | CI9: 1927 | CJ9: =CI9/31 -> 62.16129 | CK9: 2230 | CL9: =CK9/30 -> 74.333333 | CM9: 3661 | CN9: =CM9/31 -> 118.09677 | CO9: 2832 | CP9: =CO9/30 -> 94.4 | CQ9: 2753 | CR9: =CQ9/31 -> 88.806452 | CS9: 3191 | CT9: =CS9/31 -> 102.93548 | CU9: 1720 | CV9: =CU9/30 -> 57.333333 | CW9: 2842 | CX9: =CW9/31 -> 91.677419 | CY9: 2669 | CZ9: =CY9/30 -> 88.966667 | DA9: 3414 | DB9: =DA9/31 -> 110.12903 | DC9: =SUM(CE9:DA9) -> 34129.167 | DD9: =IFERROR(STDEV(CF9,CH9,CJ9,CL9,CN9,CP9,CR9,CT9,CV9,CX9,CZ9,DB9),0) -> 18.918225 | DE9: 2126 | DF9: =DE9/31 -> 68.580645 | DG9: 4007 | DH9: =DG9/28 -> 143.10714 | DI9: 1945 | DJ9: =DI9/31 -> 62.741935 | DK9: 2192 | DL9: =DK9/30 -> 73.066667 | DM9: 3151 | DN9: =DM9/31 -> 101.64516 | DO9: 3339 | DP9: =DO9/30 -> 111.3 | DQ9: 2308 | DR9: =DQ9/31 -> 74.451613 | DS9: 2038 | DT9: =DS9/31 -> 65.741935 | DU9: 3842 | DV9: =DU9/30 -> 128.06667 | DW9: 2334 | DX9: =DW9/31 -> 75.290323 | DY9: 3150 | DZ9: =DY9/30 -> 105 | EA9: 3208 | EB9: =EA9/31 -> 103.48387 | EC9: =SUM(DE9:EA9) -> 34648.992 | ED9: =IFERROR(STDEV(DF9,DH9,DJ9,DL9,DN9,DP9,DR9,DT9,DV9,DX9,DZ9,EB9),0) -> 26.479448 | EE9: =STDEV(F9:AB9,AF9:BB9,BF9:CB9,CF9:DB9,DF9:EB9) -> 1552.9305
A10: 5 | B10: BB005 | C10: Titanium Dioxide | D10: kg | E10: 972 | F10: =E10/31 -> 31.354839 | G10: 1108 | H10: =G10/28 -> 39.571429 | I10: 1058 | J10: =I10/31 -> 34.129032 | K10: 1400 | L10: =K10/30 -> 46.666667 | M10: 793 | N10: =M10/31 -> 25.580645 | O10: 1219 | P10: =O10/30 -> 40.633333 | Q10: 822 | R10: =Q10/31 -> 26.516129 | S10: 952 | T10: =S10/31 -> 30.709677 | U10: 1182 | V10: =U10/30 -> 39.4 | W10: 873 | X10: =W10/31 -> 28.16129 | Y10: 886 | Z10: =Y10/30 -> 29.533333 | AA10: 1248 | AB10: =AA10/31 -> 40.258065 | AC10: =SUM(E10:AA10) -> 12885.256 | AD10: =IFERROR(STDEV(F10,H10,J10,L10,N10,P10,R10,T10,V10,X10,Z10,AB10),0) -> 6.7479738 | AE10: 803 | AF10: =AE10/31 -> 25.903226 | AG10: 1180 | AH10: =AG10/28 -> 42.142857 | AI10: 1707 | AJ10: =AI10/31 -> 55.064516 | AK10: 1705 | AL10: =AK10/30 -> 56.833333 | AM10: 804 | AN10: =AM10/31 -> 25.935484 | AO10: 940 | AP10: =AO10/30 -> 31.333333 | AQ10: 991 | AR10: =AQ10/31 -> 31.967742 | AS10: 1643 | AT10: =AS10/31 -> 53 | AU10: 1592 | AV10: =AU10/30 -> 53.066667 | AW10: 1591 | AX10: =AW10/31 -> 51.322581 | AY10: 1093 | AZ10: =AY10/30 -> 36.433333 | BA10: 886 | BB10: =BA10/31 -> 28.580645 | BC10: =SUM(AE10:BA10) -> 15398.003 | BD10: =IFERROR(STDEV(AF10,AH10,AJ10,AL10,AN10,AP10,AR10,AT10,AV10,AX10,AZ10,BB10),0) -> 12.2509 | BE10: 1400 | BF10: =BE10/31 -> 45.16129 | BG10: 1285 | BH10: =BG10/28 -> 45.892857 | BI10: 1204 | BJ10: =BI10/31 -> 38.83871 | BK10: 1536 | BL10: =BK10/30 -> 51.2 | BM10: 1242 | BN10: =BM10/31 -> 40.064516 | BO10: 670 | BP10: =BO10/30 -> 22.333333 | BQ10: 1386 | BR10: =BQ10/31 -> 44.709677 | BS10: 928 | BT10: =BS10/31 -> 29.935484 | BU10: 1250 | BV10: =BU10/30 -> 41.666667 | BW10: 1493 | BX10: =BW10/31 -> 48.16129 | BY10: 782 | BZ10: =BY10/30 -> 26.066667 | CA10: 765 | CB10: =CA10/31 -> 24.677419 | CC10: =SUM(BE10:CA10) -> 14375.03 | CD10: =IFERROR(STDEV(BF10,BH10,BJ10,BL10,BN10,BP10,BR10,BT10,BV10,BX10,BZ10,CB10),0) -> 9.9282351 | CE10: 811 | CF10: =CE10/31 -> 26.16129 | CG10: 1233 | CH10: =CG10/28 -> 44.035714 | CI10: 967 | CJ10: =CI10/31 -> 31.193548 | CK10: 1282 | CL10: =CK10/30 -> 42.733333 | CM10: 1389 | CN10: =CM10/31 -> 44.806452 | CO10: 902 | CP10: =CO10/30 -> 30.066667 | CQ10: 1310 | CR10: =CQ10/31 -> 42.258065 | CS10: 960 | CT10: =CS10/31 -> 30.967742 | CU10: 1172 | CV10: =CU10/30 -> 39.066667 | CW10: 1566 | CX10: =CW10/31 -> 50.516129 | CY10: 1510 | CZ10: =CY10/30 -> 50.333333 | DA10: 797 | DB10: =DA10/31 -> 25.709677 | DC10: =SUM(CE10:DA10) -> 14331.139 | DD10: =IFERROR(STDEV(CF10,CH10,CJ10,CL10,CN10,CP10,CR10,CT10,CV10,CX10,CZ10,DB10),0) -> 8.9586732 | DE10: 1204 | DF10: =DE10/31 -> 38.83871 | DG10: 1053 | DH10: =DG10/28 -> 37.607143 | DI10: 773 | DJ10: =DI10/31 -> 24.935484 | DK10: 1560 | DL10: =DK10/30 -> 52 | DM10: 1423 | DN10: =DM10/31 -> 45.903226 | DO10: 1038 | DP10: =DO10/30 -> 34.6 | DQ10: 1530 | DR10: =DQ10/31 -> 49.354839 | DS10: 1335 | DT10: =DS10/31 -> 43.064516 | DU10: 1208 | DV10: =DU10/30 -> 40.266667 | DW10: 779 | DX10: =DW10/31 -> 25.129032 | DY10: 847 | DZ10: =DY10/30 -> 28.233333 | EA10: 1675 | EB10: =EA10/31 -> 54.032258 | EC10: =SUM(DE10:EA10) -> 14844.933 | ED10: =IFERROR(STDEV(DF10,DH10,DJ10,DL10,DN10,DP10,DR10,DT10,DV10,DX10,DZ10,EB10),0) -> 9.9657001 | EE10: =STDEV(F10:AB10,AF10:BB10,BF10:CB10,CF10:DB10,DF10:EB10) -> 604.39845
A11: 6 | B11: BB006 | C11: Sodium Lauryl Sulfate | D11: kg | E11: 537 | F11: =E11/31 -> 17.322581 | G11: 421 | H11: =G11/28 -> 15.035714 | I11: 515 | J11: =I11/31 -> 16.612903 | K11: 433 | L11: =K11/30 -> 14.433333 | M11: 292 | N11: =M11/31 -> 9.4193548 | O11: 285 | P11: =O11/30 -> 9.5 | Q11: 344 | R11: =Q11/31 -> 11.096774 | S11: 536 | T11: =S11/31 -> 17.290323 | U11: 502 | V11: =U11/30 -> 16.733333 | W11: 523 | X11: =W11/31 -> 16.870968 | Y11: 536 | Z11: =Y11/30 -> 17.866667 | AA11: 312 | AB11: =AA11/31 -> 10.064516 | AC11: =SUM(E11:AA11) -> 5398.182 | AD11: =IFERROR(STDEV(F11,H11,J11,L11,N11,P11,R11,T11,V11,X11,Z11,AB11),0) -> 3.3610678 | AE11: 380 | AF11: =AE11/31 -> 12.258065 | AG11: 324 | AH11: =AG11/28 -> 11.571429 | AI11: 582 | AJ11: =AI11/31 -> 18.774194 | AK11: 621 | AL11: =AK11/30 -> 20.7 | AM11: 440 | AN11: =AM11/31 -> 14.193548 | AO11: 521 | AP11: =AO11/30 -> 17.366667 | AQ11: 344 | AR11: =AQ11/31 -> 11.096774 | AS11: 639 | AT11: =AS11/31 -> 20.612903 | AU11: 614 | AV11: =AU11/30 -> 20.466667 | AW11: 656 | AX11: =AW11/31 -> 21.16129 | AY11: 593 | AZ11: =AY11/30 -> 19.766667 | BA11: 620 | BB11: =BA11/31 -> 20 | BC11: =SUM(AE11:BA11) -> 6521.9682 | BD11: =IFERROR(STDEV(AF11,AH11,AJ11,AL11,AN11,AP11,AR11,AT11,AV11,AX11,AZ11,BB11),0) -> 3.9240656 | BE11: 239 | BF11: =BE11/31 -> 7.7096774 | BG11: 459 | BH11: =BG11/28 -> 16.392857 | BI11: 334 | BJ11: =BI11/31 -> 10.774194 | BK11: 519 | BL11: =BK11/30 -> 17.3 | BM11: 479 | BN11: =BM11/31 -> 15.451613 | BO11: 498 | BP11: =BO11/30 -> 16.6 | BQ11: 482 | BR11: =BQ11/31 -> 15.548387 | BS11: 314 | BT11: =BS11/31 -> 10.129032 | BU11: 475 | BV11: =BU11/30 -> 15.833333 | BW11: 265 | BX11: =BW11/31 -> 8.5483871 | BY11: 501 | BZ11: =BY11/30 -> 16.7 | CA11: 497 | CB11: =CA11/31 -> 16.032258 | CC11: =SUM(BE11:CA11) -> 5212.9875 | CD11: =IFERROR(STDEV(BF11,BH11,BJ11,BL11,BN11,BP11,BR11,BT11,BV11,BX11,BZ11,CB11),0) -> 3.5324472 | CE11: 438 | CF11: =CE11/31 -> 14.129032 | CG11: 705 | CH11: =CG11/28 -> 25.178571 | CI11: 545 | CJ11: =CI11/31 -> 17.580645 | CK11: 475 | CL11: =CK11/30 -> 15.833333 | CM11: 695 | CN11: =CM11/31 -> 22.419355 | CO11: 440 | CP11: =CO11/30 -> 14.666667 | CQ11: 348 | CR11: =CQ11/31 -> 11.225806 | CS11: 424 | CT11: =CS11/31 -> 13.677419 | CU11: 485 | CV11: =CU11/30 -> 16.166667 | CW11: 727 | CX11: =CW11/31 -> 23.451613 | CY11: 773 | CZ11: =CY11/30 -> 25.766667 | DA11: 463 | DB11: =DA11/31 -> 14.935484 | DC11: =SUM(CE11:DA11) -> 6718.0958 | DD11: =IFERROR(STDEV(CF11,CH11,CJ11,CL11,CN11,CP11,CR11,CT11,CV11,CX11,CZ11,DB11),0) -> 4.9480772 | DE11: 575 | DF11: =DE11/31 -> 18.548387 | DG11: 475 | DH11: =DG11/28 -> 16.964286 | DI11: 716 | DJ11: =DI11/31 -> 23.096774 | DK11: 532 | DL11: =DK11/30 -> 17.733333 | DM11: 699 | DN11: =DM11/31 -> 22.548387 | DO11: 358 | DP11: =DO11/30 -> 11.933333 | DQ11: 711 | DR11: =DQ11/31 -> 22.935484 | DS11: 384 | DT11: =DS11/31 -> 12.387097 | DU11: 708 | DV11: =DU11/30 -> 23.6 | DW11: 420 | DX11: =DW11/31 -> 13.548387 | DY11: 355 | DZ11: =DY11/30 -> 11.833333 | EA11: 490 | EB11: =EA11/31 -> 15.806452 | EC11: =SUM(DE11:EA11) -> 6618.1288 | ED11: =IFERROR(STDEV(DF11,DH11,DJ11,DL11,DN11,DP11,DR11,DT11,DV11,DX11,DZ11,EB11),0) -> 4.5989747 | EE11: =STDEV(F11:AB11,AF11:BB11,BF11:CB11,CF11:DB11,DF11:EB11) -> 258.07564
A12: 7 | B12: BB007 | C12: Propylene Glycol | D12: kg | E12: 1556 | F12: =E12/31 -> 50.193548 | G12: 1120 | H12: =G12/28 -> 40 | I12: 1428 | J12: =I12/31 -> 46.064516 | K12: 1328 | L12: =K12/30 -> 44.266667 | M12: 1195 | N12: =M12/31 -> 38.548387 | O12: 1396 | P12: =O12/30 -> 46.533333 | Q12: 1058 | R12: =Q12/31 -> 34.129032 | S12: 1536 | T12: =S12/31 -> 49.548387 | U12: 791 | V12: =U12/30 -> 26.366667 | W12: 1764 | X12: =W12/31 -> 56.903226 | Y12: 1356 | Z12: =Y12/30 -> 45.2 | AA12: 1547 | AB12: =AA12/31 -> 49.903226 | AC12: =SUM(E12:AA12) -> 16552.754 | AD12: =IFERROR(STDEV(F12,H12,J12,L12,N12,P12,R12,T12,V12,X12,Z12,AB12),0) -> 8.1840077 | AE12: 2060 | AF12: =AE12/31 -> 66.451613 | AG12: 1962 | AH12: =AG12/28 -> 70.071429 | AI12: 1539 | AJ12: =AI12/31 -> 49.645161 | AK12: 1132 | AL12: =AK12/30 -> 37.733333 | AM12: 1953 | AN12: =AM12/31 -> 63 | AO12: 1492 | AP12: =AO12/30 -> 49.733333 | AQ12: 1469 | AR12: =AQ12/31 -> 47.387097 | AS12: 2207 | AT12: =AS12/31 -> 71.193548 | AU12: 2030 | AV12: =AU12/30 -> 67.666667 | AW12: 1450 | AX12: =AW12/31 -> 46.774194 | AY12: 1463 | AZ12: =AY12/30 -> 48.766667 | BA12: 1600 | BB12: =BA12/31 -> 51.612903 | BC12: =SUM(AE12:BA12) -> 20975.423 | BD12: =IFERROR(STDEV(AF12,AH12,AJ12,AL12,AN12,AP12,AR12,AT12,AV12,AX12,AZ12,BB12),0) -> 11.148039 | BE12: 1579 | BF12: =BE12/31 -> 50.935484 | BG12: 1433 | BH12: =BG12/28 -> 51.178571 | BI12: 1202 | BJ12: =BI12/31 -> 38.774194 | BK12: 1603 | BL12: =BK12/30 -> 53.433333 | BM12: 2316 | BN12: =BM12/31 -> 74.709677 | BO12: 1955 | BP12: =BO12/30 -> 65.166667 | BQ12: 2264 | BR12: =BQ12/31 -> 73.032258 | BS12: 1871 | BT12: =BS12/31 -> 60.354839 | BU12: 1440 | BV12: =BU12/30 -> 48 | BW12: 1778 | BX12: =BW12/31 -> 57.354839 | BY12: 1028 | BZ12: =BY12/30 -> 34.266667 | CA12: 1421 | CB12: =CA12/31 -> 45.83871 | CC12: =SUM(BE12:CA12) -> 20497.207 | CD12: =IFERROR(STDEV(BF12,BH12,BJ12,BL12,BN12,BP12,BR12,BT12,BV12,BX12,BZ12,CB12),0) -> 12.456611 | CE12: 1637 | CF12: =CE12/31 -> 52.806452 | CG12: 1845 | CH12: =CG12/28 -> 65.892857 | CI12: 1949 | CJ12: =CI12/31 -> 62.870968 | CK12: 1685 | CL12: =CK12/30 -> 56.166667 | CM12: 1654 | CN12: =CM12/31 -> 53.354839 | CO12: 1337 | CP12: =CO12/30 -> 44.566667 | CQ12: 1697 | CR12: =CQ12/31 -> 54.741935 | CS12: 2291 | CT12: =CS12/31 -> 73.903226 | CU12: 2145 | CV12: =CU12/30 -> 71.5 | CW12: 1276 | CX12: =CW12/31 -> 41.16129 | CY12: 1158 | CZ12: =CY12/30 -> 38.6 | DA12: 1755 | DB12: =DA12/31 -> 56.612903 | DC12: =SUM(CE12:DA12) -> 21044.565 | DD12: =IFERROR(STDEV(CF12,CH12,CJ12,CL12,CN12,CP12,CR12,CT12,CV12,CX12,CZ12,DB12),0) -> 11.19538 | DE12: 1586 | DF12: =DE12/31 -> 51.16129 | DG12: 1244 | DH12: =DG12/28 -> 44.428571 | DI12: 1799 | DJ12: =DI12/31 -> 58.032258 | DK12: 1721 | DL12: =DK12/30 -> 57.366667 | DM12: 1632 | DN12: =DM12/31 -> 52.645161 | DO12: 1118 | DP12: =DO12/30 -> 37.266667 | DQ12: 1088 | DR12: =DQ12/31 -> 35.096774 | DS12: 888 | DT12: =DS12/31 -> 28.645161 | DU12: 1141 | DV12: =DU12/30 -> 38.033333 | DW12: 1405 | DX12: =DW12/31 -> 45.322581 | DY12: 1835 | DZ12: =DY12/30 -> 61.166667 | EA12: 944 | EB12: =EA12/31 -> 30.451613 | EC12: =SUM(DE12:EA12) -> 16910.165 | ED12: =IFERROR(STDEV(DF12,DH12,DJ12,DL12,DN12,DP12,DR12,DT12,DV12,DX12,DZ12,EB12),0) -> 11.145781 | EE12: =STDEV(F12:AB12,AF12:BB12,BF12:CB12,CF12:DB12,DF12:EB12) -> 790.35461
A13: 8 | B13: BB008 | C13: Carbomer 940 | D13: kg | E13: 3099 | F13: =E13/31 -> 99.967742 | G13: 3672 | H13: =G13/28 -> 131.14286 | I13: 2513 | J13: =I13/31 -> 81.064516 | K13: 3849 | L13: =K13/30 -> 128.3 | M13: 3311 | N13: =M13/31 -> 106.80645 | O13: 2645 | P13: =O13/30 -> 88.166667 | Q13: 3742 | R13: =Q13/31 -> 120.70968 | S13: 2011 | T13: =S13/31 -> 64.870968 | U13: 3994 | V13: =U13/30 -> 133.13333 | W13: 4045 | X13: =W13/31 -> 130.48387 | Y13: 2279 | Z13: =Y13/30 -> 75.966667 | AA13: 3127 | AB13: =AA13/31 -> 100.87097 | AC13: =SUM(E13:AA13) -> 39447.613 | AD13: =IFERROR(STDEV(F13,H13,J13,L13,N13,P13,R13,T13,V13,X13,Z13,AB13),0) -> 23.872844 | AE13: 2467 | AF13: =AE13/31 -> 79.580645 | AG13: 4551 | AH13: =AG13/28 -> 162.53571 | AI13: 3379 | AJ13: =AI13/31 -> 109 | AK13: 2132 | AL13: =AK13/30 -> 71.066667 | AM13: 2663 | AN13: =AM13/31 -> 85.903226 | AO13: 4259 | AP13: =AO13/30 -> 141.96667 | AQ13: 3215 | AR13: =AQ13/31 -> 103.70968 | AS13: 4134 | AT13: =AS13/31 -> 133.35484 | AU13: 3777 | AV13: =AU13/30 -> 125.9 | AW13: 4631 | AX13: =AW13/31 -> 149.3871 | AY13: 3585 | AZ13: =AY13/30 -> 119.5 | BA13: 4530 | BB13: =BA13/31 -> 146.12903 | BC13: =SUM(AE13:BA13) -> 44604.905 | BD13: =IFERROR(STDEV(AF13,AH13,AJ13,AL13,AN13,AP13,AR13,AT13,AV13,AX13,AZ13,BB13),0) -> 29.567777 | BE13: 4209 | BF13: =BE13/31 -> 135.77419 | BG13: 3494 | BH13: =BG13/28 -> 124.78571 | BI13: 3767 | BJ13: =BI13/31 -> 121.51613 | BK13: 3217 | BL13: =BK13/30 -> 107.23333 | BM13: 4053 | BN13: =BM13/31 -> 130.74194 | BO13: 3328 | BP13: =BO13/30 -> 110.93333 | BQ13: 4224 | BR13: =BQ13/31 -> 136.25806 | BS13: 3830 | BT13: =BS13/31 -> 123.54839 | BU13: 3140 | BV13: =BU13/30 -> 104.66667 | BW13: 2588 | BX13: =BW13/31 -> 83.483871 | BY13: 2557 | BZ13: =BY13/30 -> 85.233333 | CA13: 3558 | CB13: =CA13/31 -> 114.77419 | CC13: =SUM(BE13:CA13) -> 43229.175 | CD13: =IFERROR(STDEV(BF13,BH13,BJ13,BL13,BN13,BP13,BR13,BT13,BV13,BX13,BZ13,CB13),0) -> 17.595176 | CE13: 5751 | CF13: =CE13/31 -> 185.51613 | CG13: 4823 | CH13: =CG13/28 -> 172.25 | CI13: 5223 | CJ13: =CI13/31 -> 168.48387 | CK13: 3887 | CL13: =CK13/30 -> 129.56667 | CM13: 3139 | CN13: =CM13/31 -> 101.25806 | CO13: 3929 | CP13: =CO13/30 -> 130.96667 | CQ13: 3876 | CR13: =CQ13/31 -> 125.03226 | CS13: 4058 | CT13: =CS13/31 -> 130.90323 | CU13: 4895 | CV13: =CU13/30 -> 163.16667 | CW13: 3370 | CX13: =CW13/31 -> 108.70968 | CY13: 3723 | CZ13: =CY13/30 -> 124.1 | DA13: 5478 | DB13: =DA13/31 -> 176.70968 | DC13: =SUM(CE13:DA13) -> 53691.953 | DD13: =IFERROR(STDEV(CF13,CH13,CJ13,CL13,CN13,CP13,CR13,CT13,CV13,CX13,CZ13,DB13),0) -> 28.485186 | DE13: 4861 | DF13: =DE13/31 -> 156.80645 | DG13: 2718 | DH13: =DG13/28 -> 97.071429 | DI13: 3864 | DJ13: =DI13/31 -> 124.64516 | DK13: 4314 | DL13: =DK13/30 -> 143.8 | DM13: 3891 | DN13: =DM13/31 -> 125.51613 | DO13: 3193 | DP13: =DO13/30 -> 106.43333 | DQ13: 3905 | DR13: =DQ13/31 -> 125.96774 | DS13: 5523 | DT13: =DS13/31 -> 178.16129 | DU13: 4453 | DV13: =DU13/30 -> 148.43333 | DW13: 4825 | DX13: =DW13/31 -> 155.64516 | DY13: 5363 | DZ13: =DY13/30 -> 178.76667 | EA13: 5058 | EB13: =EA13/31 -> 163.16129 | EC13: =SUM(DE13:EA13) -> 53509.247 | ED13: =IFERROR(STDEV(DF13,DH13,DJ13,DL13,DN13,DP13,DR13,DT13,DV13,DX13,DZ13,EB13),0) -> 26.407245 | EE13: =STDEV(F13:AB13,AF13:BB13,BF13:CB13,CF13:DB13,DF13:EB13) -> 1918.7702
A14: 9 | B14: BB009 | C14: Kaolin Clay | D14: kg | E14: 3358 | F14: =E14/31 -> 108.32258 | G14: 2246 | H14: =G14/28 -> 80.214286 | I14: 3273 | J14: =I14/31 -> 105.58065 | K14: 4467 | L14: =K14/30 -> 148.9 | M14: 4764 | N14: =M14/31 -> 153.67742 | O14: 5061 | P14: =O14/30 -> 168.7 | Q14: 3473 | R14: =Q14/31 -> 112.03226 | S14: 4449 | T14: =S14/31 -> 143.51613 | U14: 3851 | V14: =U14/30 -> 128.36667 | W14: 4021 | X14: =W14/31 -> 129.70968 | Y14: 2884 | Z14: =Y14/30 -> 96.133333 | AA14: 2880 | AB14: =AA14/31 -> 92.903226 | AC14: =SUM(E14:AA14) -> 46102.153 | AD14: =IFERROR(STDEV(F14,H14,J14,L14,N14,P14,R14,T14,V14,X14,Z14,AB14),0) -> 27.447935 | AE14: 3361 | AF14: =AE14/31 -> 108.41935 | AG14: 2208 | AH14: =AG14/28 -> 78.857143 | AI14: 3078 | AJ14: =AI14/31 -> 99.290323 | AK14: 4051 | AL14: =AK14/30 -> 135.03333 | AM14: 3272 | AN14: =AM14/31 -> 105.54839 | AO14: 2593 | AP14: =AO14/30 -> 86.433333 | AQ14: 3450 | AR14: =AQ14/31 -> 111.29032 | AS14: 2487 | AT14: =AS14/31 -> 80.225806 | AU14: 3889 | AV14: =AU14/30 -> 129.63333 | AW14: 2202 | AX14: =AW14/31 -> 71.032258 | AY14: 3242 | AZ14: =AY14/30 -> 108.06667 | BA14: 3725 | BB14: =BA14/31 -> 120.16129 | BC14: =SUM(AE14:BA14) -> 38671.83 | BD14: =IFERROR(STDEV(AF14,AH14,AJ14,AL14,AN14,AP14,AR14,AT14,AV14,AX14,AZ14,BB14),0) -> 20.386272 | BE14: 2459 | BF14: =BE14/31 -> 79.322581 | BG14: 4406 | BH14: =BG14/28 -> 157.35714 | BI14: 2802 | BJ14: =BI14/31 -> 90.387097 | BK14: 3834 | BL14: =BK14/30 -> 127.8 | BM14: 2532 | BN14: =BM14/31 -> 81.677419 | BO14: 3572 | BP14: =BO14/30 -> 119.06667 | BQ14: 3043 | BR14: =BQ14/31 -> 98.16129 | BS14: 3407 | BT14: =BS14/31 -> 109.90323 | BU14: 4781 | BV14: =BU14/30 -> 159.36667 | BW14: 3572 | BX14: =BW14/31 -> 115.22581 | BY14: 4752 | BZ14: =BY14/30 -> 158.4 | CA14: 5005 | CB14: =CA14/31 -> 161.45161 | CC14: =SUM(BE14:CA14) -> 45461.668 | CD14: =IFERROR(STDEV(BF14,BH14,BJ14,BL14,BN14,BP14,BR14,BT14,BV14,BX14,BZ14,CB14),0) -> 31.296677 | CE14: 3070 | CF14: =CE14/31 -> 99.032258 | CG14: 2548 | CH14: =CG14/28 -> 91 | CI14: 2357 | CJ14: =CI14/31 -> 76.032258 | CK14: 3949 | CL14: =CK14/30 -> 131.63333 | CM14: 5360 | CN14: =CM14/31 -> 172.90323 | CO14: 3369 | CP14: =CO14/30 -> 112.3 | CQ14: 4288 | CR14: =CQ14/31 -> 138.32258 | CS14: 4690 | CT14: =CS14/31 -> 151.29032 | CU14: 4293 | CV14: =CU14/30 -> 143.1 | CW14: 4607 | CX14: =CW14/31 -> 148.6129 | CY14: 5206 | CZ14: =CY14/30 -> 173.53333 | DA14: 2908 | DB14: =DA14/31 -> 93.806452 | DC14: =SUM(CE14:DA14) -> 48082.76 | DD14: =IFERROR(STDEV(CF14,CH14,CJ14,CL14,CN14,CP14,CR14,CT14,CV14,CX14,CZ14,DB14),0) -> 32.651756 | DE14: 2341 | DF14: =DE14/31 -> 75.516129 | DG14: 2743 | DH14: =DG14/28 -> 97.964286 | DI14: 2663 | DJ14: =DI14/31 -> 85.903226 | DK14: 4314 | DL14: =DK14/30 -> 143.8 | DM14: 3994 | DN14: =DM14/31 -> 128.83871 | DO14: 2942 | DP14: =DO14/30 -> 98.066667 | DQ14: 4405 | DR14: =DQ14/31 -> 142.09677 | DS14: 4610 | DT14: =DS14/31 -> 148.70968 | DU14: 2789 | DV14: =DU14/30 -> 92.966667 | DW14: 4125 | DX14: =DW14/31 -> 133.06452 | DY14: 4553 | DZ14: =DY14/30 -> 151.76667 | EA14: 2628 | EB14: =EA14/31 -> 84.774194 | EC14: =SUM(DE14:EA14) -> 43405.693 | ED14: =IFERROR(STDEV(DF14,DH14,DJ14,DL14,DN14,DP14,DR14,DT14,DV14,DX14,DZ14,EB14),0) -> 28.524724 | EE14: =STDEV(F14:AB14,AF14:BB14,BF14:CB14,CF14:DB14,DF14:EB14) -> 1871.7959
A15: 10 | B15: BB010 | C15: Talc Powder | D15: kg | E15: 3941 | F15: =E15/31 -> 127.12903 | G15: 4307 | H15: =G15/28 -> 153.82143 | I15: 2155 | J15: =I15/31 -> 69.516129 | K15: 1948 | L15: =K15/30 -> 64.933333 | M15: 2667 | N15: =M15/31 -> 86.032258 | O15: 3585 | P15: =O15/30 -> 119.5 | Q15: 4290 | R15: =Q15/31 -> 138.3871 | S15: 2880 | T15: =S15/31 -> 92.903226 | U15: 3680 | V15: =U15/30 -> 122.66667 | W15: 2075 | X15: =W15/31 -> 66.935484 | Y15: 3618 | Z15: =Y15/30 -> 120.6 | AA15: 3459 | AB15: =AA15/31 -> 111.58065 | AC15: =SUM(E15:AA15) -> 39767.425 | AD15: =IFERROR(STDEV(F15,H15,J15,L15,N15,P15,R15,T15,V15,X15,Z15,AB15),0) -> 29.542053 | AE15: 1946 | AF15: =AE15/31 -> 62.774194 | AG15: 3478 | AH15: =AG15/28 -> 124.21429 | AI15: 3656 | AJ15: =AI15/31 -> 117.93548 | AK15: 3085 | AL15: =AK15/30 -> 102.83333 | AM15: 1990 | AN15: =AM15/31 -> 64.193548 | AO15: 3961 | AP15: =AO15/30 -> 132.03333 | AQ15: 3501 | AR15: =AQ15/31 -> 112.93548 | AS15: 2506 | AT15: =AS15/31 -> 80.83871 | AU15: 2692 | AV15: =AU15/30 -> 89.733333 | AW15: 2560 | AX15: =AW15/31 -> 82.580645 | AY15: 2869 | AZ15: =AY15/30 -> 95.633333 | BA15: 2493 | BB15: =BA15/31 -> 80.419355 | BC15: =SUM(AE15:BA15) -> 35802.706 | BD15: =IFERROR(STDEV(AF15,AH15,AJ15,AL15,AN15,AP15,AR15,AT15,AV15,AX15,AZ15,BB15),0) -> 22.791449 | BE15: 3099 | BF15: =BE15/31 -> 99.967742 | BG15: 3046 | BH15: =BG15/28 -> 108.78571 | BI15: 1657 | BJ15: =BI15/31 -> 53.451613 | BK15: 3314 | BL15: =BK15/30 -> 110.46667 | BM15: 2684 | BN15: =BM15/31 -> 86.580645 | BO15: 3058 | BP15: =BO15/30 -> 101.93333 | BQ15: 2823 | BR15: =BQ15/31 -> 91.064516 | BS15: 2296 | BT15: =BS15/31 -> 74.064516 | BU15: 2874 | BV15: =BU15/30 -> 95.8 | BW15: 3323 | BX15: =BW15/31 -> 107.19355 | BY15: 1976 | BZ15: =BY15/30 -> 65.866667 | CA15: 3019 | CB15: =CA15/31 -> 97.387097 | CC15: =SUM(BE15:CA15) -> 34164.175 | CD15: =IFERROR(STDEV(BF15,BH15,BJ15,BL15,BN15,BP15,BR15,BT15,BV15,BX15,BZ15,CB15),0) -> 18.013106 | CE15: 3313 | CF15: =CE15/31 -> 106.87097 | CG15: 3173 | CH15: =CG15/28 -> 113.32143 | CI15: 3049 | CJ15: =CI15/31 -> 98.354839 | CK15: 3809 | CL15: =CK15/30 -> 126.96667 | CM15: 2619 | CN15: =CM15/31 -> 84.483871 | CO15: 4120 | CP15: =CO15/30 -> 137.33333 | CQ15: 4066 | CR15: =CQ15/31 -> 131.16129 | CS15: 2152 | CT15: =CS15/31 -> 69.419355 | CU15: 4197 | CV15: =CU15/30 -> 139.9 | CW15: 2556 | CX15: =CW15/31 -> 82.451613 | CY15: 3124 | CZ15: =CY15/30 -> 104.13333 | DA15: 3499 | DB15: =DA15/31 -> 112.87097 | DC15: =SUM(CE15:DA15) -> 40871.397 | DD15: =IFERROR(STDEV(CF15,CH15,CJ15,CL15,CN15,CP15,CR15,CT15,CV15,CX15,CZ15,DB15),0) -> 22.601584 | DE15: 2252 | DF15: =DE15/31 -> 72.645161 | DG15: 1553 | DH15: =DG15/28 -> 55.464286 | DI15: 3193 | DJ15: =DI15/31 -> 103 | DK15: 1859 | DL15: =DK15/30 -> 61.966667 | DM15: 1919 | DN15: =DM15/31 -> 61.903226 | DO15: 3087 | DP15: =DO15/30 -> 102.9 | DQ15: 2175 | DR15: =DQ15/31 -> 70.16129 | DS15: 3252 | DT15: =DS15/31 -> 104.90323 | DU15: 2895 | DV15: =DU15/30 -> 96.5 | DW15: 2047 | DX15: =DW15/31 -> 66.032258 | DY15: 1516 | DZ15: =DY15/30 -> 50.533333 | EA15: 3387 | EB15: =EA15/31 -> 109.25806 | EC15: =SUM(DE15:EA15) -> 29981.009 | ED15: =IFERROR(STDEV(DF15,DH15,DJ15,DL15,DN15,DP15,DR15,DT15,DV15,DX15,DZ15,EB15),0) -> 21.886007 | EE15: =STDEV(F15:AB15,AF15:BB15,BF15:CB15,CF15:DB15,DF15:EB15) -> 1505.6254
A16: 11 | B16: BB011 | C16: Aqua DM | D16: L | E16: 488 | F16: =E16/31 -> 15.741935 | G16: 859 | H16: =G16/28 -> 30.678571 | I16: 724 | J16: =I16/31 -> 23.354839 | K16: 881 | L16: =K16/30 -> 29.366667 | M16: 842 | N16: =M16/31 -> 27.16129 | O16: 816 | P16: =O16/30 -> 27.2 | Q16: 725 | R16: =Q16/31 -> 23.387097 | S16: 902 | T16: =S16/31 -> 29.096774 | U16: 493 | V16: =U16/30 -> 16.433333 | W16: 568 | X16: =W16/31 -> 18.322581 | Y16: 843 | Z16: =Y16/30 -> 28.1 | AA16: 617 | AB16: =AA16/31 -> 19.903226 | AC16: =SUM(E16:AA16) -> 9026.8431 | AD16: =IFERROR(STDEV(F16,H16,J16,L16,N16,P16,R16,T16,V16,X16,Z16,AB16),0) -> 5.3226573 | AE16: 760 | AF16: =AE16/31 -> 24.516129 | AG16: 698 | AH16: =AG16/28 -> 24.928571 | AI16: 731 | AJ16: =AI16/31 -> 23.580645 | AK16: 671 | AL16: =AK16/30 -> 22.366667 | AM16: 854 | AN16: =AM16/31 -> 27.548387 | AO16: 617 | AP16: =AO16/30 -> 20.566667 | AQ16: 829 | AR16: =AQ16/31 -> 26.741935 | AS16: 583 | AT16: =AS16/31 -> 18.806452 | AU16: 572 | AV16: =AU16/30 -> 19.066667 | AW16: 497 | AX16: =AW16/31 -> 16.032258 | AY16: 538 | AZ16: =AY16/30 -> 17.933333 | BA16: 496 | BB16: =BA16/31 -> 16 | BC16: =SUM(AE16:BA16) -> 8088.0877 | BD16: =IFERROR(STDEV(AF16,AH16,AJ16,AL16,AN16,AP16,AR16,AT16,AV16,AX16,AZ16,BB16),0) -> 4.010297 | BE16: 852 | BF16: =BE16/31 -> 27.483871 | BG16: 1002 | BH16: =BG16/28 -> 35.785714 | BI16: 620 | BJ16: =BI16/31 -> 20 | BK16: 640 | BL16: =BK16/30 -> 21.333333 | BM16: 818 | BN16: =BM16/31 -> 26.387097 | BO16: 977 | BP16: =BO16/30 -> 32.566667 | BQ16: 1144 | BR16: =BQ16/31 -> 36.903226 | BS16: 845 | BT16: =BS16/31 -> 27.258065 | BU16: 684 | BV16: =BU16/30 -> 22.8 | BW16: 564 | BX16: =BW16/31 -> 18.193548 | BY16: 626 | BZ16: =BY16/30 -> 20.866667 | CA16: 648 | CB16: =CA16/31 -> 20.903226 | CC16: =SUM(BE16:CA16) -> 9709.5782 | CD16: =IFERROR(STDEV(BF16,BH16,BJ16,BL16,BN16,BP16,BR16,BT16,BV16,BX16,BZ16,CB16),0) -> 6.3445796 | CE16: 566 | CF16: =CE16/31 -> 18.258065 | CG16: 465 | CH16: =CG16/28 -> 16.607143 | CI16: 782 | CJ16: =CI16/31 -> 25.225806 | CK16: 624 | CL16: =CK16/30 -> 20.8 | CM16: 1050 | CN16: =CM16/31 -> 33.870968 | CO16: 794 | CP16: =CO16/30 -> 26.466667 | CQ16: 882 | CR16: =CQ16/31 -> 28.451613 | CS16: 534 | CT16: =CS16/31 -> 17.225806 | CU16: 986 | CV16: =CU16/30 -> 32.866667 | CW16: 756 | CX16: =CW16/31 -> 24.387097 | CY16: 988 | CZ16: =CY16/30 -> 32.933333 | DA16: 806 | DB16: =DA16/31 -> 26 | DC16: =SUM(CE16:DA16) -> 9510.0932 | DD16: =IFERROR(STDEV(CF16,CH16,CJ16,CL16,CN16,CP16,CR16,CT16,CV16,CX16,CZ16,DB16),0) -> 6.121365 | DE16: 846 | DF16: =DE16/31 -> 27.290323 | DG16: 826 | DH16: =DG16/28 -> 29.5 | DI16: 648 | DJ16: =DI16/31 -> 20.903226 | DK16: 556 | DL16: =DK16/30 -> 18.533333 | DM16: 1173 | DN16: =DM16/31 -> 37.83871 | DO16: 852 | DP16: =DO16/30 -> 28.4 | DQ16: 1091 | DR16: =DQ16/31 -> 35.193548 | DS16: 798 | DT16: =DS16/31 -> 25.741935 | DU16: 572 | DV16: =DU16/30 -> 19.066667 | DW16: 957 | DX16: =DW16/31 -> 30.870968 | DY16: 558 | DZ16: =DY16/30 -> 18.6 | EA16: 624 | EB16: =EA16/31 -> 20.129032 | EC16: =SUM(DE16:EA16) -> 9792.9387 | ED16: =IFERROR(STDEV(DF16,DH16,DJ16,DL16,DN16,DP16,DR16,DT16,DV16,DX16,DZ16,EB16),0) -> 6.6549465 | EE16: =STDEV(F16:AB16,AF16:BB16,BF16:CB16,CF16:DB16,DF16:EB16) -> 383.95902
A17: 12 | B17: BB012 | C17: Zinc Oxide | D17: kg | E17: 986 | F17: =E17/31 -> 31.806452 | G17: 791 | H17: =G17/28 -> 28.25 | I17: 1310 | J17: =I17/31 -> 42.258065 | K17: 652 | L17: =K17/30 -> 21.733333 | M17: 1137 | N17: =M17/31 -> 36.677419 | O17: 1018 | P17: =O17/30 -> 33.933333 | Q17: 1157 | R17: =Q17/31 -> 37.322581 | S17: 733 | T17: =S17/31 -> 23.645161 | U17: 956 | V17: =U17/30 -> 31.866667 | W17: 901 | X17: =W17/31 -> 29.064516 | Y17: 896 | Z17: =Y17/30 -> 29.866667 | AA17: 1209 | AB17: =AA17/31 -> 39 | AC17: =SUM(E17:AA17) -> 12092.424 | AD17: =IFERROR(STDEV(F17,H17,J17,L17,N17,P17,R17,T17,V17,X17,Z17,AB17),0) -> 6.1088494 | AE17: 1339 | AF17: =AE17/31 -> 43.193548 | AG17: 812 | AH17: =AG17/28 -> 29 | AI17: 1055 | AJ17: =AI17/31 -> 34.032258 | AK17: 1047 | AL17: =AK17/30 -> 34.9 | AM17: 1147 | AN17: =AM17/31 -> 37 | AO17: 1307 | AP17: =AO17/30 -> 43.566667 | AQ17: 737 | AR17: =AQ17/31 -> 23.774194 | AS17: 740 | AT17: =AS17/31 -> 23.870968 | AU17: 1086 | AV17: =AU17/30 -> 36.2 | AW17: 698 | AX17: =AW17/31 -> 22.516129 | AY17: 711 | AZ17: =AY17/30 -> 23.7 | BA17: 635 | BB17: =BA17/31 -> 20.483871 | BC17: =SUM(AE17:BA17) -> 11665.754 | BD17: =IFERROR(STDEV(AF17,AH17,AJ17,AL17,AN17,AP17,AR17,AT17,AV17,AX17,AZ17,BB17),0) -> 8.1849864 | BE17: 480 | BF17: =BE17/31 -> 15.483871 | BG17: 765 | BH17: =BG17/28 -> 27.321429 | BI17: 856 | BJ17: =BI17/31 -> 27.612903 | BK17: 663 | BL17: =BK17/30 -> 22.1 | BM17: 625 | BN17: =BM17/31 -> 20.16129 | BO17: 928 | BP17: =BO17/30 -> 30.933333 | BQ17: 926 | BR17: =BQ17/31 -> 29.870968 | BS17: 767 | BT17: =BS17/31 -> 24.741935 | BU17: 916 | BV17: =BU17/30 -> 30.533333 | BW17: 1066 | BX17: =BW17/31 -> 34.387097 | BY17: 980 | BZ17: =BY17/30 -> 32.666667 | CA17: 876 | CB17: =CA17/31 -> 28.258065 | CC17: =SUM(BE17:CA17) -> 10143.813 | CD17: =IFERROR(STDEV(BF17,BH17,BJ17,BL17,BN17,BP17,BR17,BT17,BV17,BX17,BZ17,CB17),0) -> 5.5056799 | CE17: 949 | CF17: =CE17/31 -> 30.612903 | CG17: 1132 | CH17: =CG17/28 -> 40.428571 | CI17: 790 | CJ17: =CI17/31 -> 25.483871 | CK17: 871 | CL17: =CK17/30 -> 29.033333 | CM17: 940 | CN17: =CM17/31 -> 30.322581 | CO17: 1115 | CP17: =CO17/30 -> 37.166667 | CQ17: 1060 | CR17: =CQ17/31 -> 34.193548 | CS17: 552 | CT17: =CS17/31 -> 17.806452 | CU17: 616 | CV17: =CU17/30 -> 20.533333 | CW17: 711 | CX17: =CW17/31 -> 22.935484 | CY17: 1008 | CZ17: =CY17/30 -> 33.6 | DA17: 887 | DB17: =DA17/31 -> 28.612903 | DC17: =SUM(CE17:DA17) -> 10953.117 | DD17: =IFERROR(STDEV(CF17,CH17,CJ17,CL17,CN17,CP17,CR17,CT17,CV17,CX17,CZ17,DB17),0) -> 6.7111972 | DE17: 832 | DF17: =DE17/31 -> 26.83871 | DG17: 701 | DH17: =DG17/28 -> 25.035714 | DI17: 1153 | DJ17: =DI17/31 -> 37.193548 | DK17: 1161 | DL17: =DK17/30 -> 38.7 | DM17: 1356 | DN17: =DM17/31 -> 43.741935 | DO17: 1002 | DP17: =DO17/30 -> 33.4 | DQ17: 997 | DR17: =DQ17/31 -> 32.16129 | DS17: 665 | DT17: =DS17/31 -> 21.451613 | DU17: 633 | DV17: =DU17/30 -> 21.1 | DW17: 947 | DX17: =DW17/31 -> 30.548387 | DY17: 859 | DZ17: =DY17/30 -> 28.633333 | EA17: 801 | EB17: =EA17/31 -> 25.83871 | EC17: =SUM(DE17:EA17) -> 11445.805 | ED17: =IFERROR(STDEV(DF17,DH17,DJ17,DL17,DN17,DP17,DR17,DT17,DV17,DX17,DZ17,EB17),0) -> 6.9877823 | EE17: =STDEV(F17:AB17,AF17:BB17,BF17:CB17,CF17:DB17,DF17:EB17) -> 462.48101
... A105: 100 | B105: BB100 | C105: Titanium Dioxide Anatase | D105: kg | E105: 2890 | F105: =E105/31 -> 93.225806 | G105: 1807 | H105: =G105/28 -> 64.535714 | I105: 2070 | J105: =I105/31 -> 66.774194 | K105: 2646 | L105: =K105/30 -> 88.2 | M105: 3495 | N105: =M105/31 -> 112.74194 | O105: 3753 | P105: =O105/30 -> 125.1 | Q105: 1764 | R105: =Q105/31 -> 56.903226 | S105: 3695 | T105: =S105/31 -> 119.19355 | U105: 3255 | V105: =U105/30 -> 108.5 | W105: 1812 | X105: =W105/31 -> 58.451613 | Y105: 2506 | Z105: =Y105/30 -> 83.533333 | AA105: 3597 | AB105: =AA105/31 -> 116.03226 | AC105: =SUM(E105:AA105) -> 34267.159 | AD105: =IFERROR(STDEV(F105,H105,J105,L105,N105,P105,R105,T105,V105,X105,Z105,AB105),0) -> 25.119577 | AE105: 2627 | AF105: =AE105/31 -> 84.741935 | AG105: 2945 | AH105: =AG105/28 -> 105.17857 | AI105: 3294 | AJ105: =AI105/31 -> 106.25806 | AK105: 3395 | AL105: =AK105/30 -> 113.16667 | AM105: 2001 | AN105: =AM105/31 -> 64.548387 | AO105: 2111 | AP105: =AO105/30 -> 70.366667 | AQ105: 2553 | AR105: =AQ105/31 -> 82.354839 | AS105: 2941 | AT105: =AS105/31 -> 94.870968 | AU105: 1787 | AV105: =AU105/30 -> 59.566667 | AW105: 3555 | AX105: =AW105/31 -> 114.67742 | AY105: 3574 | AZ105: =AY105/30 -> 119.13333 | BA105: 2377 | BB105: =BA105/31 -> 76.677419 | BC105: =SUM(AE105:BA105) -> 34174.864 | BD105: =IFERROR(STDEV(AF105,AH105,AJ105,AL105,AN105,AP105,AR105,AT105,AV105,AX105,AZ105,BB105),0) -> 20.725014 | BE105: 2342 | BF105: =BE105/31 -> 75.548387 | BG105: 2171 | BH105: =BG105/28 -> 77.535714 | BI105: 1390 | BJ105: =BI105/31 -> 44.83871 | BK105: 1346 | BL105: =BK105/30 -> 44.866667 | BM105: 1812 | BN105: =BM105/31 -> 58.451613 | BO105: 3052 | BP105: =BO105/30 -> 101.73333 | BQ105: 2834 | BR105: =BQ105/31 -> 91.419355 | BS105: 2187 | BT105: =BS105/31 -> 70.548387 | BU105: 2511 | BV105: =BU105/30 -> 83.7 | BW105: 2939 | BX105: =BW105/31 -> 94.806452 | BY105: 2088 | BZ105: =BY105/30 -> 69.6 | CA105: 2222 | CB105: =CA105/31 -> 71.677419 | CC105: =SUM(BE105:CA105) -> 27707.049 | CD105: =IFERROR(STDEV(BF105,BH105,BJ105,BL105,BN105,BP105,BR105,BT105,BV105,BX105,BZ105,CB105),0) -> 18.068375 | CE105: 2544 | CF105: =CE105/31 -> 82.064516 | CG105: 1760 | CH105: =CG105/28 -> 62.857143 | CI105: 1538 | CJ105: =CI105/31 -> 49.612903 | CK105: 1817 | CL105: =CK105/30 -> 60.566667 | CM105: 3086 | CN105: =CM105/31 -> 99.548387 | CO105: 1445 | CP105: =CO105/30 -> 48.166667 | CQ105: 2646 | CR105: =CQ105/31 -> 85.354839 | CS105: 2355 | CT105: =CS105/31 -> 75.967742 | CU105: 2327 | CV105: =CU105/30 -> 77.566667 | CW105: 2863 | CX105: =CW105/31 -> 92.354839 | CY105: 2438 | CZ105: =CY105/30 -> 81.266667 | DA105: 2169 | DB105: =DA105/31 -> 69.967742 | DC105: =SUM(CE105:DA105) -> 27803.327 | DD105: =IFERROR(STDEV(CF105,CH105,CJ105,CL105,CN105,CP105,CR105,CT105,CV105,CX105,CZ105,DB105),0) -> 16.054864 | DE105: 3500 | DF105: =DE105/31 -> 112.90323 | DG105: 2107 | DH105: =DG105/28 -> 75.25 | DI105: 3060 | DJ105: =DI105/31 -> 98.709677 | DK105: 3212 | DL105: =DK105/30 -> 107.06667 | DM105: 3866 | DN105: =DM105/31 -> 124.70968 | DO105: 2212 | DP105: =DO105/30 -> 73.733333 | DQ105: 1959 | DR105: =DQ105/31 -> 63.193548 | DS105: 2592 | DT105: =DS105/31 -> 83.612903 | DU105: 3946 | DV105: =DU105/30 -> 131.53333 | DW105: 2146 | DX105: =DW105/31 -> 69.225806 | DY105: 2213 | DZ105: =DY105/30 -> 73.766667 | EA105: 2478 | EB105: =EA105/31 -> 79.935484 | EC105: =SUM(DE105:EA105) -> 34304.705 | ED105: =IFERROR(STDEV(DF105,DH105,DJ105,DL105,DN105,DP105,DR105,DT105,DV105,DX105,DZ105,EB105),0) -> 23.049142 | EE105: =STDEV(F105:AB105,AF105:BB105,BF105:CB105,CF105:DB105,DF105:EB105) -> 1320.8107

Sheet Data Historis 5 Tahun
A1: DATA HISTORIS BAHAN BAKU 5 TAHUN (2021–2025) — PT. JJ Top Cosmindo Sidoarjo
A2: D = total tahunan dari Data Bulanan | d = rata-rata d_harian 12 bulan dari Data Bulanan | σ_d = STDEV(12 d_harian tahun tsb.) dari Data Bulanan | SS = 1.65 × σ_d × √LT
A3: EOQ = √(2DS/H) | σ_DL = σ_d × √LT | SS = 1.65 × σ_DL | ROP = d × LT + SS | Slope = SUMPRODUCT({-2,-1,0,1,2}, D) / 10 | R² = Slope² × 10 / (ΣD² − (ΣD)²/5)
A4: 🟡 Kuning = data input/referensi Bulanan | 🟢 Hijau = formula EOQ | 🟠 Oranye = formula SS | 🟣 Ungu = formula ROP | 🔵 Biru = analisis trend
A5: DATA IDENTITAS & INPUT AKTUAL (D, d, σ_d dari Data Bulanan) | I5: PERHITUNGAN EOQ | M5: PERHITUNGAN σ_DL & SAFETY STOCK (SS) Z = 1.65 (Service Level 95%) | Q5: PERHITUNGAN ROP & STATUS | T5: ANALISIS TREND & FLUKTUATIF
A6: No | B6: Tahun | C6: Kategori | D6: Kode | E6: Nama Bahan Baku | F6: Satuan | G6: Stok Aktual (unit) | H6: LT Lead Time (hari) | I6: (D) Permintaan Tahunan (unit/thn) | J6: (S) Biaya Pemesanan (Rp/order) | K6: (H) Biaya Simpan (Rp/unit/thn) | L6: EOQ = √(2×D×S/H) | M6: (d) Permintaan Harian (unit/hr) | N6: σ_d per Tahun (Std Dev 12 d_harian) | O6: σ_DL = σ_d × √LT | P6: SS (SL 95%) = 1.65 × σ_DL | Q6: ROP = d × LT + SS | R6: Selisih (Stok − ROP) | S6: STATUS | T6: CV = σ_d / d̄ | U6: Slope Trend (unit/thn) | V6: R² Trend
A7: 1 | B7: 2021 | C7: Lokal | D7: BB001 | E7: Phenoxyethanol | F7: kg | G7: 0 | H7: 6 | I7: =IFERROR(ROUND('Data Bulanan'!AC6,0),0) -> 37912 | J7: 2168498 | K7: 87265 | L7: =IFERROR(ROUND(SQRT(2*I7*J7/K7),0),0) -> 1373 | M7: =IFERROR(AVERAGE('Data Bulanan'!F6,'Data Bulanan'!H6,'Data Bulanan'!J6,'Data Bulanan'!L6,'Data Bulanan'!N6,'Data Bulanan'!P6,'Data Bulanan'!R6,'Data Bulanan'!T6,'Data Bulanan'!V6,'Data Bulanan'!X6,'Data Bulanan'!Z6,'Data Bulanan'!AB6),0) -> 100.64895 | N7: ='Data Bulanan'!AD6 -> 24.865922 | O7: =IFERROR(N7*SQRT(H7),0) -> 60.90882 | P7: =IFERROR(ROUND(1.65*O7,0),0) -> 100 | Q7: =IFERROR(ROUND(M7*H7+P7,0),0) -> 704 | R7: =G7-Q7 -> -704 | S7: =IF(G7=0,"Stockout ⚠",IF(G7<Q7,"Reorder 🔄",IF(G7>Q7+L7,"Overstock 📦","Aman ✅"))) -> Stockout ⚠ | T7: =IFERROR(N7/AVERAGE(M7:M11),0) -> 0.25176057 | U7: -826.12 | V7: 0.1498
A8: 2 | B8: 2022 | C8: Lokal | D8: BB001 | E8: Phenoxyethanol | F8: kg | G8: 611 | H8: 6 | I8: =IFERROR(ROUND('Data Bulanan'!BC6,0),0) -> 36654 | J8: 2246093 | K8: 88264 | L8: =IFERROR(ROUND(SQRT(2*I8*J8/K8),0),0) -> 1366 | M8: =IFERROR(AVERAGE('Data Bulanan'!AF6,'Data Bulanan'!AH6,'Data Bulanan'!AJ6,'Data Bulanan'!AL6,'Data Bulanan'!AN6,'Data Bulanan'!AP6,'Data Bulanan'!AR6,'Data Bulanan'!AT6,'Data Bulanan'!AV6,'Data Bulanan'!AX6,'Data Bulanan'!AZ6,'Data Bulanan'!BB6),0) -> 97.475691 | N8: ='Data Bulanan'!BD6 -> 24.53334 | O8: =IFERROR(N8*SQRT(H8),0) -> 60.094164 | P8: =IFERROR(ROUND(1.65*O8,0),0) -> 99 | Q8: =IFERROR(ROUND(M8*H8+P8,0),0) -> 684 | R8: =G8-Q8 -> -73 | S8: =IF(G8=0,"Stockout ⚠",IF(G8<Q8,"Reorder 🔄",IF(G8>Q8+L8,"Overstock 📦","Aman ✅"))) -> Reorder 🔄 | T8: =IFERROR(N8/AVERAGE(M7:M11),0) -> 0.24839327 | U8: -826.12 | V8: 0.1498
A9: 3 | B9: 2023 | C9: Lokal | D9: BB001 | E9: Phenoxyethanol | F9: kg | G9: 5530 | H9: 6 | I9: =IFERROR(ROUND('Data Bulanan'!CC6,0),0) -> 38822 | J9: 2073806 | K9: 84691 | L9: =IFERROR(ROUND(SQRT(2*I9*J9/K9),0),0) -> 1379 | M9: =IFERROR(AVERAGE('Data Bulanan'!BF6,'Data Bulanan'!BH6,'Data Bulanan'!BJ6,'Data Bulanan'!BL6,'Data Bulanan'!BN6,'Data Bulanan'!BP6,'Data Bulanan'!BR6,'Data Bulanan'!BT6,'Data Bulanan'!BV6,'Data Bulanan'!BX6,'Data Bulanan'!BZ6,'Data Bulanan'!CB6),0) -> 103.02451 | N9: ='Data Bulanan'!CD6 -> 22.230843 | O9: =IFERROR(N9*SQRT(H9),0) -> 54.454222 | P9: =IFERROR(ROUND(1.65*O9,0),0) -> 90 | Q9: =IFERROR(ROUND(M9*H9+P9,0),0) -> 708 | R9: =G9-Q9 -> 4822 | S9: =IF(G9=0,"Stockout ⚠",IF(G9<Q9,"Reorder 🔄",IF(G9>Q9+L9,"Overstock 📦","Aman ✅"))) -> Overstock 📦 | T9: =IFERROR(N9/AVERAGE(M7:M11),0) -> 0.22508113 | U9: -826.12 | V9: 0.1498
A10: 4 | B10: 2024 | C10: Lokal | D10: BB001 | E10: Phenoxyethanol | F10: kg | G10: 0 | H10: 6 | I10: =IFERROR(ROUND('Data Bulanan'!DC6,0),0) -> 40721 | J10: 2187510 | K10: 76011 | L10: =IFERROR(ROUND(SQRT(2*I10*J10/K10),0),0) -> 1531 | M10: =IFERROR(AVERAGE('Data Bulanan'!CF6,'Data Bulanan'!CH6,'Data Bulanan'!CJ6,'Data Bulanan'!CL6,'Data Bulanan'!CN6,'Data Bulanan'!CP6,'Data Bulanan'!CR6,'Data Bulanan'!CT6,'Data Bulanan'!CV6,'Data Bulanan'!CX6,'Data Bulanan'!CZ6,'Data Bulanan'!DB6),0) -> 108.32357 | N10: ='Data Bulanan'!DD6 -> 27.966488 | O10: =IFERROR(N10*SQRT(H10),0) -> 68.503625 | P10: =IFERROR(ROUND(1.65*O10,0),0) -> 113 | Q10: =IFERROR(ROUND(M10*H10+P10,0),0) -> 763 | R10: =G10-Q10 -> -763 | S10: =IF(G10=0,"Stockout ⚠",IF(G10<Q10,"Reorder 🔄",IF(G10>Q10+L10,"Overstock 📦","Aman ✅"))) -> Stockout ⚠ | T10: =IFERROR(N10/AVERAGE(M7:M11),0) -> 0.28315295 | U10: -826.12 | V10: 0.1498
A11: 5 | B11: 2025 | C11: Lokal | D11: BB001 | E11: Phenoxyethanol | F11: kg | G11: 4121 | H11: 6 | I11: =IFERROR(ROUND('Data Bulanan'!EC6,0),0) -> 31748 | J11: 2141357 | K11: 84902 | L11: =IFERROR(ROUND(SQRT(2*I11*J11/K11),0),0) -> 1265 | M11: =IFERROR(AVERAGE('Data Bulanan'!DF6,'Data Bulanan'!DH6,'Data Bulanan'!DJ6,'Data Bulanan'!DL6,'Data Bulanan'!DN6,'Data Bulanan'!DP6,'Data Bulanan'!DR6,'Data Bulanan'!DT6,'Data Bulanan'!DV6,'Data Bulanan'!DX6,'Data Bulanan'!DZ6,'Data Bulanan'!EB6),0) -> 84.367947 | N11: ='Data Bulanan'!ED6 -> 17.037135 | O11: =IFERROR(N11*SQRT(H11),0) -> 41.732287 | P11: =IFERROR(ROUND(1.65*O11,0),0) -> 69 | Q11: =IFERROR(ROUND(M11*H11+P11,0),0) -> 575 | R11: =G11-Q11 -> 3546 | S11: =IF(G11=0,"Stockout ⚠",IF(G11<Q11,"Reorder 🔄",IF(G11>Q11+L11,"Overstock 📦","Aman ✅"))) -> Overstock 📦 | T11: =IFERROR(N11/AVERAGE(M7:M11),0) -> 0.17249627 | U11: -826.12 | V11: 0.1498
A12: 1 | B12: 2021 | C12: Lokal | D12: BB002 | E12: Glycerin | F12: kg | G12: 15322 | H12: 41 | I12: =IFERROR(ROUND('Data Bulanan'!AC7,0),0) -> 40423 | J12: 10459221 | K12: 103961 | L12: =IFERROR(ROUND(SQRT(2*I12*J12/K12),0),0) -> 2852 | M12: =IFERROR(AVERAGE('Data Bulanan'!F7,'Data Bulanan'!H7,'Data Bulanan'!J7,'Data Bulanan'!L7,'Data Bulanan'!N7,'Data Bulanan'!P7,'Data Bulanan'!R7,'Data Bulanan'!T7,'Data Bulanan'!V7,'Data Bulanan'!X7,'Data Bulanan'!Z7,'Data Bulanan'!AB7),0) -> 107.70978 | N12: ='Data Bulanan'!AD7 -> 26.809131 | O12: =IFERROR(N12*SQRT(H12),0) -> 171.6622 | P12: =IFERROR(ROUND(1.65*O12,0),0) -> 283 | Q12: =IFERROR(ROUND(M12*H12+P12,0),0) -> 4699 | R12: =G12-Q12 -> 10623 | S12: =IF(G12=0,"Stockout ⚠",IF(G12<Q12,"Reorder 🔄",IF(G12>Q12+L12,"Overstock 📦","Aman ✅"))) -> Overstock 📦 | T12: =IFERROR(N12/AVERAGE(M12:M16),0) -> 0.24972803 | U12: -2010.59 | V12: 0.428
A13: 2 | B13: 2022 | C13: Lokal | D13: BB002 | E13: Glycerin | F13: kg | G13: 6496 | H13: 41 | I13: =IFERROR(ROUND('Data Bulanan'!BC7,0),0) -> 45365 | J13: 10897733 | K13: 103809 | L13: =IFERROR(ROUND(SQRT(2*I13*J13/K13),0),0) -> 3086 | M13: =IFERROR(AVERAGE('Data Bulanan'!AF7,'Data Bulanan'!AH7,'Data Bulanan'!AJ7,'Data Bulanan'!AL7,'Data Bulanan'!AN7,'Data Bulanan'!AP7,'Data Bulanan'!AR7,'Data Bulanan'!AT7,'Data Bulanan'!AV7,'Data Bulanan'!AX7,'Data Bulanan'!AZ7,'Data Bulanan'!BB7),0) -> 120.62002 | N13: ='Data Bulanan'!BD7 -> 22.668063 | O13: =IFERROR(N13*SQRT(H13),0) -> 145.14642 | P13: =IFERROR(ROUND(1.65*O13,0),0) -> 239 | Q13: =IFERROR(ROUND(M13*H13+P13,0),0) -> 5184 | R13: =G13-Q13 -> 1312 | S13: =IF(G13=0,"Stockout ⚠",IF(G13<Q13,"Reorder 🔄",IF(G13>Q13+L13,"Overstock 📦","Aman ✅"))) -> Aman ✅ | T13: =IFERROR(N13/AVERAGE(M12:M16),0) -> 0.21115383 | U13: -2010.59 | V13: 0.428
A14: 3 | B14: 2023 | C14: Lokal | D14: BB002 | E14: Glycerin | F14: kg | G14: 16278 | H14: 41 | I14: =IFERROR(ROUND('Data Bulanan'!CC7,0),0) -> 45017 | J14: 10242342 | K14: 124568 | L14: =IFERROR(ROUND(SQRT(2*I14*J14/K14),0),0) -> 2721 | M14: =IFERROR(AVERAGE('Data Bulanan'!BF7,'Data Bulanan'!BH7,'Data Bulanan'!BJ7,'Data Bulanan'!BL7,'Data Bulanan'!BN7,'Data Bulanan'!BP7,'Data Bulanan'!BR7,'Data Bulanan'!BT7,'Data Bulanan'!BV7,'Data Bulanan'!BX7,'Data Bulanan'!BZ7,'Data Bulanan'!CB7),0) -> 119.62558 | N14: ='Data Bulanan'!CD7 -> 31.361782 | O14: =IFERROR(N14*SQRT(H14),0) -> 200.81339 | P14: =IFERROR(ROUND(1.65*O14,0),0) -> 331 | Q14: =IFERROR(ROUND(M14*H14+P14,0),0) -> 5236 | R14: =G14-Q14 -> 11042 | S14: =IF(G14=0,"Stockout ⚠",IF(G14<Q14,"Reorder 🔄",IF(G14>Q14+L14,"Overstock 📦","Aman ✅"))) -> Overstock 📦 | T14: =IFERROR(N14/AVERAGE(M12:M16),0) -> 0.29213614 | U14: -2010.59 | V14: 0.428
A15: 4 | B15: 2024 | C15: Lokal | D15: BB002 | E15: Glycerin | F15: kg | G15: 23217 | H15: 41 | I15: =IFERROR(ROUND('Data Bulanan'!DC7,0),0) -> 35851 | J15: 10188565 | K15: 116830 | L15: =IFERROR(ROUND(SQRT(2*I15*J15/K15),0),0) -> 2501 | M15: =IFERROR(AVERAGE('Data Bulanan'!CF7,'Data Bulanan'!CH7,'Data Bulanan'!CJ7,'Data Bulanan'!CL7,'Data Bulanan'!CN7,'Data Bulanan'!CP7,'Data Bulanan'!CR7,'Data Bulanan'!CT7,'Data Bulanan'!CV7,'Data Bulanan'!CX7,'Data Bulanan'!CZ7,'Data Bulanan'!DB7),0) -> 95.321051 | N15: ='Data Bulanan'!DD7 -> 22.635774 | O15: =IFERROR(N15*SQRT(H15),0) -> 144.93967 | P15: =IFERROR(ROUND(1.65*O15,0),0) -> 239 | Q15: =IFERROR(ROUND(M15*H15+P15,0),0) -> 4147 | R15: =G15-Q15 -> 19070 | S15: =IF(G15=0,"Stockout ⚠",IF(G15<Q15,"Reorder 🔄",IF(G15>Q15+L15,"Overstock 📦","Aman ✅"))) -> Overstock 📦 | T15: =IFERROR(N15/AVERAGE(M12:M16),0) -> 0.21085306 | U15: -2010.59 | V15: 0.428
A16: 5 | B16: 2025 | C16: Lokal | D16: BB002 | E16: Glycerin | F16: kg | G16: 12645 | H16: 41 | I16: =IFERROR(ROUND('Data Bulanan'!EC7,0),0) -> 35127 | J16: 11280718 | K16: 117450 | L16: =IFERROR(ROUND(SQRT(2*I16*J16/K16),0),0) -> 2598 | M16: =IFERROR(AVERAGE('Data Bulanan'!DF7,'Data Bulanan'!DH7,'Data Bulanan'!DJ7,'Data Bulanan'!DL7,'Data Bulanan'!DN7,'Data Bulanan'!DP7,'Data Bulanan'!DR7,'Data Bulanan'!DT7,'Data Bulanan'!DV7,'Data Bulanan'!DX7,'Data Bulanan'!DZ7,'Data Bulanan'!EB7),0) -> 93.490124 | N16: ='Data Bulanan'!ED7 -> 21.95436 | O16: =IFERROR(N16*SQRT(H16),0) -> 140.57649 | P16: =IFERROR(ROUND(1.65*O16,0),0) -> 232 | Q16: =IFERROR(ROUND(M16*H16+P16,0),0) -> 4065 | R16: =G16-Q16 -> 8580 | S16: =IF(G16=0,"Stockout ⚠",IF(G16<Q16,"Reorder 🔄",IF(G16>Q16+L16,"Overstock 📦","Aman ✅"))) -> Overstock 📦 | T16: =IFERROR(N16/AVERAGE(M12:M16),0) -> 0.20450566 | U16: -2010.59 | V16: 0.428
A17: 1 | B17: 2021 | C17: Lokal | D17: BB003 | E17: Cetyl Alcohol | F17: kg | G17: 2265 | H17: 9 | I17: =IFERROR(ROUND('Data Bulanan'!AC8,0),0) -> 35615 | J17: 732974 | K17: 417580 | L17: =IFERROR(ROUND(SQRT(2*I17*J17/K17),0),0) -> 354 | M17: =IFERROR(AVERAGE('Data Bulanan'!F8,'Data Bulanan'!H8,'Data Bulanan'!J8,'Data Bulanan'!L8,'Data Bulanan'!N8,'Data Bulanan'!P8,'Data Bulanan'!R8,'Data Bulanan'!T8,'Data Bulanan'!V8,'Data Bulanan'!X8,'Data Bulanan'!Z8,'Data Bulanan'!AB8),0) -> 94.744259 | N17: ='Data Bulanan'!AD8 -> 26.375842 | O17: =IFERROR(N17*SQRT(H17),0) -> 79.127527 | P17: =IFERROR(ROUND(1.65*O17,0),0) -> 131 | Q17: =IFERROR(ROUND(M17*H17+P17,0),0) -> 984 | R17: =G17-Q17 -> 1281 | S17: =IF(G17=0,"Stockout ⚠",IF(G17<Q17,"Reorder 🔄",IF(G17>Q17+L17,"Overstock 📦","Aman ✅"))) -> Overstock 📦 | T17: =IFERROR(N17/AVERAGE(M17:M21),0) -> 0.32343263 | U17: -706.58 | V17: 0.1042
A18: 2 | B18: 2022 | C18: Lokal | D18: BB003 | E18: Cetyl Alcohol | F18: kg | G18: 1928 | H18: 9 | I18: =IFERROR(ROUND('Data Bulanan'!BC8,0),0) -> 28394 | J18: 760393 | K18: 402234 | L18: =IFERROR(ROUND(SQRT(2*I18*J18/K18),0),0) -> 328 | M18: =IFERROR(AVERAGE('Data Bulanan'!AF8,'Data Bulanan'!AH8,'Data Bulanan'!AJ8,'Data Bulanan'!AL8,'Data Bulanan'!AN8,'Data Bulanan'!AP8,'Data Bulanan'!AR8,'Data Bulanan'!AT8,'Data Bulanan'!AV8,'Data Bulanan'!AX8,'Data Bulanan'!AZ8,'Data Bulanan'!BB8),0) -> 75.825371 | N18: ='Data Bulanan'!BD8 -> 20.395968 | O18: =IFERROR(N18*SQRT(H18),0) -> 61.187904 | P18: =IFERROR(ROUND(1.65*O18,0),0) -> 101 | Q18: =IFERROR(ROUND(M18*H18+P18,0),0) -> 783 | R18: =G18-Q18 -> 1145 | S18: =IF(G18=0,"Stockout ⚠",IF(G18<Q18,"Reorder 🔄",IF(G18>Q18+L18,"Overstock 📦","Aman ✅"))) -> Overstock 📦 | T18: =IFERROR(N18/AVERAGE(M17:M21),0) -> 0.25010468 | U18: -706.58 | V18: 0.1042
A19: 3 | B19: 2023 | C19: Lokal | D19: BB003 | E19: Cetyl Alcohol | F19: kg | G19: 1837 | H19: 9 | I19: =IFERROR(ROUND('Data Bulanan'!CC8,0),0) -> 29339 | J19: 703207 | K19: 390435 | L19: =IFERROR(ROUND(SQRT(2*I19*J19/K19),0),0) -> 325 | M19: =IFERROR(AVERAGE('Data Bulanan'!BF8,'Data Bulanan'!BH8,'Data Bulanan'!BJ8,'Data Bulanan'!BL8,'Data Bulanan'!BN8,'Data Bulanan'!BP8,'Data Bulanan'!BR8,'Data Bulanan'!BT8,'Data Bulanan'!BV8,'Data Bulanan'!BX8,'Data Bulanan'!BZ8,'Data Bulanan'!CB8),0) -> 77.890182 | N19: ='Data Bulanan'!CD8 -> 15.981744 | O19: =IFERROR(N19*SQRT(H19),0) -> 47.945233 | P19: =IFERROR(ROUND(1.65*O19,0),0) -> 79 | Q19: =IFERROR(ROUND(M19*H19+P19,0),0) -> 780 | R19: =G19-Q19 -> 1057 | S19: =IF(G19=0,"Stockout ⚠",IF(G19<Q19,"Reorder 🔄",IF(G19>Q19+L19,"Overstock 📦","Aman ✅"))) -> Overstock 📦 | T19: =IFERROR(N19/AVERAGE(M17:M21),0) -> 0.19597545 | U19: -706.58 | V19: 0.1042
A20: 4 | B20: 2024 | C20: Lokal | D20: BB003 | E20: Cetyl Alcohol | F20: kg | G20: 0 | H20: 9 | I20: =IFERROR(ROUND('Data Bulanan'!DC8,0),0) -> 27151 | J20: 710824 | K20: 443142 | L20: =IFERROR(ROUND(SQRT(2*I20*J20/K20),0),0) -> 295 | M20: =IFERROR(AVERAGE('Data Bulanan'!CF8,'Data Bulanan'!CH8,'Data Bulanan'!CJ8,'Data Bulanan'!CL8,'Data Bulanan'!CN8,'Data Bulanan'!CP8,'Data Bulanan'!CR8,'Data Bulanan'!CT8,'Data Bulanan'!CV8,'Data Bulanan'!CX8,'Data Bulanan'!CZ8,'Data Bulanan'!DB8),0) -> 72.437193 | N20: ='Data Bulanan'!DD8 -> 18.874728 | O20: =IFERROR(N20*SQRT(H20),0) -> 56.624185 | P20: =IFERROR(ROUND(1.65*O20,0),0) -> 93 | Q20: =IFERROR(ROUND(M20*H20+P20,0),0) -> 745 | R20: =G20-Q20 -> -745 | S20: =IF(G20=0,"Stockout ⚠",IF(G20<Q20,"Reorder 🔄",IF(G20>Q20+L20,"Overstock 📦","Aman ✅"))) -> Stockout ⚠ | T20: =IFERROR(N20/AVERAGE(M17:M21),0) -> 0.23145054 | U20: -706.58 | V20: 0.1042
A21: 5 | B21: 2025 | C21: Lokal | D21: BB003 | E21: Cetyl Alcohol | F21: kg | G21: 1365 | H21: 9 | I21: =IFERROR(ROUND('Data Bulanan'!EC8,0),0) -> 32703 | J21: 753745 | K21: 450334 | L21: =IFERROR(ROUND(SQRT(2*I21*J21/K21),0),0) -> 331 | M21: =IFERROR(AVERAGE('Data Bulanan'!DF8,'Data Bulanan'!DH8,'Data Bulanan'!DJ8,'Data Bulanan'!DL8,'Data Bulanan'!DN8,'Data Bulanan'!DP8,'Data Bulanan'!DR8,'Data Bulanan'!DT8,'Data Bulanan'!DV8,'Data Bulanan'!DX8,'Data Bulanan'!DZ8,'Data Bulanan'!EB8),0) -> 86.851626 | N21: ='Data Bulanan'!ED8 -> 19.094294 | O21: =IFERROR(N21*SQRT(H21),0) -> 57.282882 | P21: =IFERROR(ROUND(1.65*O21,0),0) -> 95 | Q21: =IFERROR(ROUND(M21*H21+P21,0),0) -> 877 | R21: =G21-Q21 -> 488 | S21: =IF(G21=0,"Stockout ⚠",IF(G21<Q21,"Reorder 🔄",IF(G21>Q21+L21,"Overstock 📦","Aman ✅"))) -> Overstock 📦 | T21: =IFERROR(N21/AVERAGE(M17:M21),0) -> 0.23414296 | U21: -706.58 | V21: 0.1042
A22: 1 | B22: 2021 | C22: Lokal | D22: BB004 | E22: Stearic Acid | F22: kg | G22: 0 | H22: 7 | I22: =IFERROR(ROUND('Data Bulanan'!AC9,0),0) -> 36990 | J22: 2367078 | K22: 157936 | L22: =IFERROR(ROUND(SQRT(2*I22*J22/K22),0),0) -> 1053 | M22: =IFERROR(AVERAGE('Data Bulanan'!F9,'Data Bulanan'!H9,'Data Bulanan'!J9,'Data Bulanan'!L9,'Data Bulanan'!N9,'Data Bulanan'!P9,'Data Bulanan'!R9,'Data Bulanan'!T9,'Data Bulanan'!V9,'Data Bulanan'!X9,'Data Bulanan'!Z9,'Data Bulanan'!AB9),0) -> 98.37123 | N22: ='Data Bulanan'!AD9 -> 22.33862 | O22: =IFERROR(N22*SQRT(H22),0) -> 59.102433 | P22: =IFERROR(ROUND(1.65*O22,0),0) -> 98 | Q22: =IFERROR(ROUND(M22*H22+P22,0),0) -> 787 | R22: =G22-Q22 -> -787 | S22: =IF(G22=0,"Stockout ⚠",IF(G22<Q22,"Reorder 🔄",IF(G22>Q22+L22,"Overstock 📦","Aman ✅"))) -> Stockout ⚠ | T22: =IFERROR(N22/AVERAGE(M22:M26),0) -> 0.22581136 | U22: -1118.42 | V22: 0.3911
A23: 2 | B23: 2022 | C23: Lokal | D23: BB004 | E23: Stearic Acid | F23: kg | G23: 3034 | H23: 7 | I23: =IFERROR(ROUND('Data Bulanan'!BC9,0),0) -> 40631 | J23: 2351416 | K23: 158162 | L23: =IFERROR(ROUND(SQRT(2*I23*J23/K23),0),0) -> 1099 | M23: =IFERROR(AVERAGE('Data Bulanan'!AF9,'Data Bulanan'!AH9,'Data Bulanan'!AJ9,'Data Bulanan'!AL9,'Data Bulanan'!AN9,'Data Bulanan'!AP9,'Data Bulanan'!AR9,'Data Bulanan'!AT9,'Data Bulanan'!AV9,'Data Bulanan'!AX9,'Data Bulanan'!AZ9,'Data Bulanan'!BB9),0) -> 108.24783 | N23: ='Data Bulanan'!BD9 -> 27.668652 | O23: =IFERROR(N23*SQRT(H23),0) -> 73.204371 | P23: =IFERROR(ROUND(1.65*O23,0),0) -> 121 | Q23: =IFERROR(ROUND(M23*H23+P23,0),0) -> 879 | R23: =G23-Q23 -> 2155 | S23: =IF(G23=0,"Stockout ⚠",IF(G23<Q23,"Reorder 🔄",IF(G23>Q23+L23,"Overstock 📦","Aman ✅"))) -> Overstock 📦 | T23: =IFERROR(N23/AVERAGE(M22:M26),0) -> 0.27969032 | U23: -1118.42 | V23: 0.3911
A24: 3 | B24: 2023 | C24: Lokal | D24: BB004 | E24: Stearic Acid | F24: kg | G24: 1488 | H24: 7 | I24: =IFERROR(ROUND('Data Bulanan'!CC9,0),0) -> 39262 | J24: 1956089 | K24: 156198 | L24: =IFERROR(ROUND(SQRT(2*I24*J24/K24),0),0) -> 992 | M24: =IFERROR(AVERAGE('Data Bulanan'!BF9,'Data Bulanan'!BH9,'Data Bulanan'!BJ9,'Data Bulanan'!BL9,'Data Bulanan'!BN9,'Data Bulanan'!BP9,'Data Bulanan'!BR9,'Data Bulanan'!BT9,'Data Bulanan'!BV9,'Data Bulanan'!BX9,'Data Bulanan'!BZ9,'Data Bulanan'!CB9),0) -> 104.44673 | N24: ='Data Bulanan'!CD9 -> 25.684574 | O24: =IFERROR(N24*SQRT(H24),0) -> 67.954996 | P24: =IFERROR(ROUND(1.65*O24,0),0) -> 112 | Q24: =IFERROR(ROUND(M24*H24+P24,0),0) -> 843 | R24: =G24-Q24 -> 645 | S24: =IF(G24=0,"Stockout ⚠",IF(G24<Q24,"Reorder 🔄",IF(G24>Q24+L24,"Overstock 📦","Aman ✅"))) -> Aman ✅ | T24: =IFERROR(N24/AVERAGE(M22:M26),0) -> 0.25963415 | U24: -1118.42 | V24: 0.3911
A25: 4 | B25: 2024 | C25: Lokal | D25: BB004 | E25: Stearic Acid | F25: kg | G25: 0 | H25: 7 | I25: =IFERROR(ROUND('Data Bulanan'!DC9,0),0) -> 34129 | J25: 2321241 | K25: 172692 | L25: =IFERROR(ROUND(SQRT(2*I25*J25/K25),0),0) -> 958 | M25: =IFERROR(AVERAGE('Data Bulanan'!CF9,'Data Bulanan'!CH9,'Data Bulanan'!CJ9,'Data Bulanan'!CL9,'Data Bulanan'!CN9,'Data Bulanan'!CP9,'Data Bulanan'!CR9,'Data Bulanan'!CT9,'Data Bulanan'!CV9,'Data Bulanan'!CX9,'Data Bulanan'!CZ9,'Data Bulanan'!DB9),0) -> 90.858001 | N25: ='Data Bulanan'!DD9 -> 18.918225 | O25: =IFERROR(N25*SQRT(H25),0) -> 50.052919 | P25: =IFERROR(ROUND(1.65*O25,0),0) -> 83 | Q25: =IFERROR(ROUND(M25*H25+P25,0),0) -> 719 | R25: =G25-Q25 -> -719 | S25: =IF(G25=0,"Stockout ⚠",IF(G25<Q25,"Reorder 🔄",IF(G25>Q25+L25,"Overstock 📦","Aman ✅"))) -> Stockout ⚠ | T25: =IFERROR(N25/AVERAGE(M22:M26),0) -> 0.19123608 | U25: -1118.42 | V25: 0.3911
A26: 5 | B26: 2025 | C26: Lokal | D26: BB004 | E26: Stearic Acid | F26: kg | G26: 518 | H26: 7 | I26: =IFERROR(ROUND('Data Bulanan'!EC9,0),0) -> 34649 | J26: 2352427 | K26: 163758 | L26: =IFERROR(ROUND(SQRT(2*I26*J26/K26),0),0) -> 998 | M26: =IFERROR(AVERAGE('Data Bulanan'!DF9,'Data Bulanan'!DH9,'Data Bulanan'!DJ9,'Data Bulanan'!DL9,'Data Bulanan'!DN9,'Data Bulanan'!DP9,'Data Bulanan'!DR9,'Data Bulanan'!DT9,'Data Bulanan'!DV9,'Data Bulanan'!DX9,'Data Bulanan'!DZ9,'Data Bulanan'!EB9),0) -> 92.70633 | N26: ='Data Bulanan'!ED9 -> 26.479448 | O26: =IFERROR(N26*SQRT(H26),0) -> 70.058035 | P26: =IFERROR(ROUND(1.65*O26,0),0) -> 116 | Q26: =IFERROR(ROUND(M26*H26+P26,0),0) -> 765 | R26: =G26-Q26 -> -247 | S26: =IF(G26=0,"Stockout ⚠",IF(G26<Q26,"Reorder 🔄",IF(G26>Q26+L26,"Overstock 📦","Aman ✅"))) -> Reorder 🔄 | T26: =IFERROR(N26/AVERAGE(M22:M26),0) -> 0.26766918 | U26: -1118.42 | V26: 0.3911
A27: 1 | B27: 2021 | C27: Lokal | D27: BB005 | E27: Titanium Dioxide | F27: kg | G27: 2953 | H27: 11 | I27: =IFERROR(ROUND('Data Bulanan'!AC10,0),0) -> 12885 | J27: 1421350 | K27: 198494 | L27: =IFERROR(ROUND(SQRT(2*I27*J27/K27),0),0) -> 430 | M27: =IFERROR(AVERAGE('Data Bulanan'!F10,'Data Bulanan'!H10,'Data Bulanan'!J10,'Data Bulanan'!L10,'Data Bulanan'!N10,'Data Bulanan'!P10,'Data Bulanan'!R10,'Data Bulanan'!T10,'Data Bulanan'!V10,'Data Bulanan'!X10,'Data Bulanan'!Z10,'Data Bulanan'!AB10),0) -> 34.376203 | N27: ='Data Bulanan'!AD10 -> 6.7479738 | O27: =IFERROR(N27*SQRT(H27),0) -> 22.380497 | P27: =IFERROR(ROUND(1.65*O27,0),0) -> 37 | Q27: =IFERROR(ROUND(M27*H27+P27,0),0) -> 415 | R27: =G27-Q27 -> 2538 | S27: =IF(G27=0,"Stockout ⚠",IF(G27<Q27,"Reorder 🔄",IF(G27>Q27+L27,"Overstock 📦","Aman ✅"))) -> Overstock 📦 | T27: =IFERROR(N27/AVERAGE(M27:M31),0) -> 0.17644684 | U27: 285.25 | V27: 0.2333
A28: 2 | B28: 2022 | C28: Lokal | D28: BB005 | E28: Titanium Dioxide | F28: kg | G28: 2881 | H28: 11 | I28: =IFERROR(ROUND('Data Bulanan'!BC10,0),0) -> 15398 | J28: 1321594 | K28: 188023 | L28: =IFERROR(ROUND(SQRT(2*I28*J28/K28),0),0) -> 465 | M28: =IFERROR(AVERAGE('Data Bulanan'!AF10,'Data Bulanan'!AH10,'Data Bulanan'!AJ10,'Data Bulanan'!AL10,'Data Bulanan'!AN10,'Data Bulanan'!AP10,'Data Bulanan'!AR10,'Data Bulanan'!AT10,'Data Bulanan'!AV10,'Data Bulanan'!AX10,'Data Bulanan'!AZ10,'Data Bulanan'!BB10),0) -> 40.96531 | N28: ='Data Bulanan'!BD10 -> 12.2509 | O28: =IFERROR(N28*SQRT(H28),0) -> 40.631638 | P28: =IFERROR(ROUND(1.65*O28,0),0) -> 67 | Q28: =IFERROR(ROUND(M28*H28+P28,0),0) -> 518 | R28: =G28-Q28 -> 2363 | S28: =IF(G28=0,"Stockout ⚠",IF(G28<Q28,"Reorder 🔄",IF(G28>Q28+L28,"Overstock 📦","Aman ✅"))) -> Overstock 📦 | T28: =IFERROR(N28/AVERAGE(M27:M31),0) -> 0.32033802 | U28: 285.25 | V28: 0.2333
A29: 3 | B29: 2023 | C29: Lokal | D29: BB005 | E29: Titanium Dioxide | F29: kg | G29: 465 | H29: 11 | I29: =IFERROR(ROUND('Data Bulanan'!CC10,0),0) -> 14375 | J29: 1364040 | K29: 197313 | L29: =IFERROR(ROUND(SQRT(2*I29*J29/K29),0),0) -> 446 | M29: =IFERROR(AVERAGE('Data Bulanan'!BF10,'Data Bulanan'!BH10,'Data Bulanan'!BJ10,'Data Bulanan'!BL10,'Data Bulanan'!BN10,'Data Bulanan'!BP10,'Data Bulanan'!BR10,'Data Bulanan'!BT10,'Data Bulanan'!BV10,'Data Bulanan'!BX10,'Data Bulanan'!BZ10,'Data Bulanan'!CB10),0) -> 38.225659 | N29: ='Data Bulanan'!CD10 -> 9.9282351 | O29: =IFERROR(N29*SQRT(H29),0) -> 32.928231 | P29: =IFERROR(ROUND(1.65*O29,0),0) -> 54 | Q29: =IFERROR(ROUND(M29*H29+P29,0),0) -> 474 | R29: =G29-Q29 -> -9 | S29: =IF(G29=0,"Stockout ⚠",IF(G29<Q29,"Reorder 🔄",IF(G29>Q29+L29,"Overstock 📦","Aman ✅"))) -> Reorder 🔄 | T29: =IFERROR(N29/AVERAGE(M27:M31),0) -> 0.2596047 | U29: 285.25 | V29: 0.2333
A30: 4 | B30: 2024 | C30: Lokal | D30: BB005 | E30: Titanium Dioxide | F30: kg | G30: 1130 | H30: 11 | I30: =IFERROR(ROUND('Data Bulanan'!DC10,0),0) -> 14331 | J30: 1404580 | K30: 193105 | L30: =IFERROR(ROUND(SQRT(2*I30*J30/K30),0),0) -> 457 | M30: =IFERROR(AVERAGE('Data Bulanan'!CF10,'Data Bulanan'!CH10,'Data Bulanan'!CJ10,'Data Bulanan'!CL10,'Data Bulanan'!CN10,'Data Bulanan'!CP10,'Data Bulanan'!CR10,'Data Bulanan'!CT10,'Data Bulanan'!CV10,'Data Bulanan'!CX10,'Data Bulanan'!CZ10,'Data Bulanan'!DB10),0) -> 38.154051 | N30: ='Data Bulanan'!DD10 -> 8.9586732 | O30: =IFERROR(N30*SQRT(H30),0) -> 29.712557 | P30: =IFERROR(ROUND(1.65*O30,0),0) -> 49 | Q30: =IFERROR(ROUND(M30*H30+P30,0),0) -> 469 | R30: =G30-Q30 -> 661 | S30: =IF(G30=0,"Stockout ⚠",IF(G30<Q30,"Reorder 🔄",IF(G30>Q30+L30,"Overstock 📦","Aman ✅"))) -> Overstock 📦 | T30: =IFERROR(N30/AVERAGE(M27:M31),0) -> 0.23425248 | U30: 285.25 | V30: 0.2333
A31: 5 | B31: 2025 | C31: Lokal | D31: BB005 | E31: Titanium Dioxide | F31: kg | G31: 3097 | H31: 11 | I31: =IFERROR(ROUND('Data Bulanan'!EC10,0),0) -> 14845 | J31: 1442234 | K31: 200121 | L31: =IFERROR(ROUND(SQRT(2*I31*J31/K31),0),0) -> 463 | M31: =IFERROR(AVERAGE('Data Bulanan'!DF10,'Data Bulanan'!DH10,'Data Bulanan'!DJ10,'Data Bulanan'!DL10,'Data Bulanan'!DN10,'Data Bulanan'!DP10,'Data Bulanan'!DR10,'Data Bulanan'!DT10,'Data Bulanan'!DV10,'Data Bulanan'!DX10,'Data Bulanan'!DZ10,'Data Bulanan'!EB10),0) -> 39.497101 | N31: ='Data Bulanan'!ED10 -> 9.9657001 | O31: =IFERROR(N31*SQRT(H31),0) -> 33.052488 | P31: =IFERROR(ROUND(1.65*O31,0),0) -> 55 | Q31: =IFERROR(ROUND(M31*H31+P31,0),0) -> 489 | R31: =G31-Q31 -> 2608 | S31: =IF(G31=0,"Stockout ⚠",IF(G31<Q31,"Reorder 🔄",IF(G31>Q31+L31,"Overstock 📦","Aman ✅"))) -> Overstock 📦 | T31: =IFERROR(N31/AVERAGE(M27:M31),0) -> 0.26058434 | U31: 285.25 | V31: 0.2333
A32: 1 | B32: 2021 | C32: Lokal | D32: BB006 | E32: Sodium Lauryl Sulfate | F32: kg | G32: 131 | H32: 10 | I32: =IFERROR(ROUND('Data Bulanan'!AC11,0),0) -> 5398 | J32: 2021087 | K32: 281391 | L32: =IFERROR(ROUND(SQRT(2*I32*J32/K32),0),0) -> 278 | M32: =IFERROR(AVERAGE('Data Bulanan'!F11,'Data Bulanan'!H11,'Data Bulanan'!J11,'Data Bulanan'!L11,'Data Bulanan'!N11,'Data Bulanan'!P11,'Data Bulanan'!R11,'Data Bulanan'!T11,'Data Bulanan'!V11,'Data Bulanan'!X11,'Data Bulanan'!Z11,'Data Bulanan'!AB11),0) -> 14.353872 | N32: ='Data Bulanan'!AD11 -> 3.3610678 | O32: =IFERROR(N32*SQRT(H32),0) -> 10.62863 | P32: =IFERROR(ROUND(1.65*O32,0),0) -> 18 | Q32: =IFERROR(ROUND(M32*H32+P32,0),0) -> 162 | R32: =G32-Q32 -> -31 | S32: =IF(G32=0,"Stockout ⚠",IF(G32<Q32,"Reorder 🔄",IF(G32>Q32+L32,"Overstock 📦","Aman ✅"))) -> Reorder 🔄 | T32: =IFERROR(N32/AVERAGE(M32:M36),0) -> 0.2072173 | U32: 263.6 | V32: 0.3297
A33: 2 | B33: 2022 | C33: Lokal | D33: BB006 | E33: Sodium Lauryl Sulfate | F33: kg | G33: 0 | H33: 10 | I33: =IFERROR(ROUND('Data Bulanan'!BC11,0),0) -> 6522 | J33: 1932789 | K33: 299039 | L33: =IFERROR(ROUND(SQRT(2*I33*J33/K33),0),0) -> 290 | M33: =IFERROR(AVERAGE('Data Bulanan'!AF11,'Data Bulanan'!AH11,'Data Bulanan'!AJ11,'Data Bulanan'!AL11,'Data Bulanan'!AN11,'Data Bulanan'!AP11,'Data Bulanan'!AR11,'Data Bulanan'!AT11,'Data Bulanan'!AV11,'Data Bulanan'!AX11,'Data Bulanan'!AZ11,'Data Bulanan'!BB11),0) -> 17.330684 | N33: ='Data Bulanan'!BD11 -> 3.9240656 | O33: =IFERROR(N33*SQRT(H33),0) -> 12.408985 | P33: =IFERROR(ROUND(1.65*O33,0),0) -> 20 | Q33: =IFERROR(ROUND(M33*H33+P33,0),0) -> 193 | R33: =G33-Q33 -> -193 | S33: =IF(G33=0,"Stockout ⚠",IF(G33<Q33,"Reorder 🔄",IF(G33>Q33+L33,"Overstock 📦","Aman ✅"))) -> Stockout ⚠ | T33: =IFERROR(N33/AVERAGE(M32:M36),0) -> 0.24192737 | U33: 263.6 | V33: 0.3297
A34: 3 | B34: 2023 | C34: Lokal | D34: BB006 | E34: Sodium Lauryl Sulfate | F34: kg | G34: 0 | H34: 10 | I34: =IFERROR(ROUND('Data Bulanan'!CC11,0),0) -> 5213 | J34: 1981160 | K34: 327575 | L34: =IFERROR(ROUND(SQRT(2*I34*J34/K34),0),0) -> 251 | M34: =IFERROR(AVERAGE('Data Bulanan'!BF11,'Data Bulanan'!BH11,'Data Bulanan'!BJ11,'Data Bulanan'!BL11,'Data Bulanan'!BN11,'Data Bulanan'!BP11,'Data Bulanan'!BR11,'Data Bulanan'!BT11,'Data Bulanan'!BV11,'Data Bulanan'!BX11,'Data Bulanan'!BZ11,'Data Bulanan'!CB11),0) -> 13.918312 | N34: ='Data Bulanan'!CD11 -> 3.5324472 | O34: =IFERROR(N34*SQRT(H34),0) -> 11.170579 | P34: =IFERROR(ROUND(1.65*O34,0),0) -> 18 | Q34: =IFERROR(ROUND(M34*H34+P34,0),0) -> 157 | R34: =G34-Q34 -> -157 | S34: =IF(G34=0,"Stockout ⚠",IF(G34<Q34,"Reorder 🔄",IF(G34>Q34+L34,"Overstock 📦","Aman ✅"))) -> Stockout ⚠ | T34: =IFERROR(N34/AVERAGE(M32:M36),0) -> 0.21778322 | U34: 263.6 | V34: 0.3297
A35: 4 | B35: 2024 | C35: Lokal | D35: BB006 | E35: Sodium Lauryl Sulfate | F35: kg | G35: 1299 | H35: 10 | I35: =IFERROR(ROUND('Data Bulanan'!DC11,0),0) -> 6718 | J35: 1881500 | K35: 288276 | L35: =IFERROR(ROUND(SQRT(2*I35*J35/K35),0),0) -> 296 | M35: =IFERROR(AVERAGE('Data Bulanan'!CF11,'Data Bulanan'!CH11,'Data Bulanan'!CJ11,'Data Bulanan'!CL11,'Data Bulanan'!CN11,'Data Bulanan'!CP11,'Data Bulanan'!CR11,'Data Bulanan'!CT11,'Data Bulanan'!CV11,'Data Bulanan'!CX11,'Data Bulanan'!CZ11,'Data Bulanan'!DB11),0) -> 17.919272 | N35: ='Data Bulanan'!DD11 -> 4.9480772 | O35: =IFERROR(N35*SQRT(H35),0) -> 15.647194 | P35: =IFERROR(ROUND(1.65*O35,0),0) -> 26 | Q35: =IFERROR(ROUND(M35*H35+P35,0),0) -> 205 | R35: =G35-Q35 -> 1094 | S35: =IF(G35=0,"Stockout ⚠",IF(G35<Q35,"Reorder 🔄",IF(G35>Q35+L35,"Overstock 📦","Aman ✅"))) -> Overstock 📦 | T35: =IFERROR(N35/AVERAGE(M32:M36),0) -> 0.30505996 | U35: 263.6 | V35: 0.3297
A36: 5 | B36: 2025 | C36: Lokal | D36: BB006 | E36: Sodium Lauryl Sulfate | F36: kg | G36: 540 | H36: 10 | I36: =IFERROR(ROUND('Data Bulanan'!EC11,0),0) -> 6618 | J36: 1902503 | K36: 313993 | L36: =IFERROR(ROUND(SQRT(2*I36*J36/K36),0),0) -> 283 | M36: =IFERROR(AVERAGE('Data Bulanan'!DF11,'Data Bulanan'!DH11,'Data Bulanan'!DJ11,'Data Bulanan'!DL11,'Data Bulanan'!DN11,'Data Bulanan'!DP11,'Data Bulanan'!DR11,'Data Bulanan'!DT11,'Data Bulanan'!DV11,'Data Bulanan'!DX11,'Data Bulanan'!DZ11,'Data Bulanan'!EB11),0) -> 17.577938 | N36: ='Data Bulanan'!ED11 -> 4.5989747 | O36: =IFERROR(N36*SQRT(H36),0) -> 14.543235 | P36: =IFERROR(ROUND(1.65*O36,0),0) -> 24 | Q36: =IFERROR(ROUND(M36*H36+P36,0),0) -> 200 | R36: =G36-Q36 -> 340 | S36: =IF(G36=0,"Stockout ⚠",IF(G36<Q36,"Reorder 🔄",IF(G36>Q36+L36,"Overstock 📦","Aman ✅"))) -> Overstock 📦 | T36: =IFERROR(N36/AVERAGE(M32:M36),0) -> 0.28353702 | U36: 263.6 | V36: 0.3297
A37: 1 | B37: 2021 | C37: Lokal | D37: BB007 | E37: Propylene Glycol | F37: kg | G37: 0 | H37: 39 | I37: =IFERROR(ROUND('Data Bulanan'!AC12,0),0) -> 16553 | J37: 7335190 | K37: 218719 | L37: =IFERROR(ROUND(SQRT(2*I37*J37/K37),0),0) -> 1054 | M37: =IFERROR(AVERAGE('Data Bulanan'!F12,'Data Bulanan'!H12,'Data Bulanan'!J12,'Data Bulanan'!L12,'Data Bulanan'!N12,'Data Bulanan'!P12,'Data Bulanan'!R12,'Data Bulanan'!T12,'Data Bulanan'!V12,'Data Bulanan'!X12,'Data Bulanan'!Z12,'Data Bulanan'!AB12),0) -> 43.971416 | N37: ='Data Bulanan'!AD12 -> 8.1840077 | O37: =IFERROR(N37*SQRT(H37),0) -> 51.109111 | P37: =IFERROR(ROUND(1.65*O37,0),0) -> 84 | Q37: =IFERROR(ROUND(M37*H37+P37,0),0) -> 1799 | R37: =G37-Q37 -> -1799 | S37: =IF(G37=0,"Stockout ⚠",IF(G37<Q37,"Reorder 🔄",IF(G37>Q37+L37,"Overstock 📦","Aman ✅"))) -> Stockout ⚠ | T37: =IFERROR(N37/AVERAGE(M37:M41),0) -> 0.16033803 | U37: 78.4 | V37: 0.003
A38: 2 | B38: 2022 | C38: Lokal | D38: BB007 | E38: Propylene Glycol | F38: kg | G38: 7175 | H38: 39 | I38: =IFERROR(ROUND('Data Bulanan'!BC12,0),0) -> 20975 | J38: 7169624 | K38: 218599 | L38: =IFERROR(ROUND(SQRT(2*I38*J38/K38),0),0) -> 1173 | M38: =IFERROR(AVERAGE('Data Bulanan'!AF12,'Data Bulanan'!AH12,'Data Bulanan'!AJ12,'Data Bulanan'!AL12,'Data Bulanan'!AN12,'Data Bulanan'!AP12,'Data Bulanan'!AR12,'Data Bulanan'!AT12,'Data Bulanan'!AV12,'Data Bulanan'!AX12,'Data Bulanan'!AZ12,'Data Bulanan'!BB12),0) -> 55.836329 | N38: ='Data Bulanan'!BD12 -> 11.148039 | O38: =IFERROR(N38*SQRT(H38),0) -> 69.619479 | P38: =IFERROR(ROUND(1.65*O38,0),0) -> 115 | Q38: =IFERROR(ROUND(M38*H38+P38,0),0) -> 2293 | R38: =G38-Q38 -> 4882 | S38: =IF(G38=0,"Stockout ⚠",IF(G38<Q38,"Reorder 🔄",IF(G38>Q38+L38,"Overstock 📦","Aman ✅"))) -> Overstock 📦 | T38: =IFERROR(N38/AVERAGE(M37:M41),0) -> 0.21840822 | U38: 78.4 | V38: 0.003
A39: 3 | B39: 2023 | C39: Lokal | D39: BB007 | E39: Propylene Glycol | F39: kg | G39: 7360 | H39: 39 | I39: =IFERROR(ROUND('Data Bulanan'!CC12,0),0) -> 20497 | J39: 8167110 | K39: 235846 | L39: =IFERROR(ROUND(SQRT(2*I39*J39/K39),0),0) -> 1191 | M39: =IFERROR(AVERAGE('Data Bulanan'!BF12,'Data Bulanan'!BH12,'Data Bulanan'!BJ12,'Data Bulanan'!BL12,'Data Bulanan'!BN12,'Data Bulanan'!BP12,'Data Bulanan'!BR12,'Data Bulanan'!BT12,'Data Bulanan'!BV12,'Data Bulanan'!BX12,'Data Bulanan'!BZ12,'Data Bulanan'!CB12),0) -> 54.420437 | N39: ='Data Bulanan'!CD12 -> 12.456611 | O39: =IFERROR(N39*SQRT(H39),0) -> 77.791514 | P39: =IFERROR(ROUND(1.65*O39,0),0) -> 128 | Q39: =IFERROR(ROUND(M39*H39+P39,0),0) -> 2250 | R39: =G39-Q39 -> 5110 | S39: =IF(G39=0,"Stockout ⚠",IF(G39<Q39,"Reorder 🔄",IF(G39>Q39+L39,"Overstock 📦","Aman ✅"))) -> Overstock 📦 | T39: =IFERROR(N39/AVERAGE(M37:M41),0) -> 0.24404529 | U39: 78.4 | V39: 0.003
A40: 4 | B40: 2024 | C40: Lokal | D40: BB007 | E40: Propylene Glycol | F40: kg | G40: 4147 | H40: 39 | I40: =IFERROR(ROUND('Data Bulanan'!DC12,0),0) -> 21045 | J40: 8040961 | K40: 237595 | L40: =IFERROR(ROUND(SQRT(2*I40*J40/K40),0),0) -> 1194 | M40: =IFERROR(AVERAGE('Data Bulanan'!CF12,'Data Bulanan'!CH12,'Data Bulanan'!CJ12,'Data Bulanan'!CL12,'Data Bulanan'!CN12,'Data Bulanan'!CP12,'Data Bulanan'!CR12,'Data Bulanan'!CT12,'Data Bulanan'!CV12,'Data Bulanan'!CX12,'Data Bulanan'!CZ12,'Data Bulanan'!DB12),0) -> 56.014817 | N40: ='Data Bulanan'!DD12 -> 11.19538 | O40: =IFERROR(N40*SQRT(H40),0) -> 69.915126 | P40: =IFERROR(ROUND(1.65*O40,0),0) -> 115 | Q40: =IFERROR(ROUND(M40*H40+P40,0),0) -> 2300 | R40: =G40-Q40 -> 1847 | S40: =IF(G40=0,"Stockout ⚠",IF(G40<Q40,"Reorder 🔄",IF(G40>Q40+L40,"Overstock 📦","Aman ✅"))) -> Overstock 📦 | T40: =IFERROR(N40/AVERAGE(M37:M41),0) -> 0.21933571 | U40: 78.4 | V40: 0.003
A41: 5 | B41: 2025 | C41: Lokal | D41: BB007 | E41: Propylene Glycol | F41: kg | G41: 10845 | H41: 39 | I41: =IFERROR(ROUND('Data Bulanan'!EC12,0),0) -> 16910 | J41: 7642331 | K41: 233568 | L41: =IFERROR(ROUND(SQRT(2*I41*J41/K41),0),0) -> 1052 | M41: =IFERROR(AVERAGE('Data Bulanan'!DF12,'Data Bulanan'!DH12,'Data Bulanan'!DJ12,'Data Bulanan'!DL12,'Data Bulanan'!DN12,'Data Bulanan'!DP12,'Data Bulanan'!DR12,'Data Bulanan'!DT12,'Data Bulanan'!DV12,'Data Bulanan'!DX12,'Data Bulanan'!DZ12,'Data Bulanan'!EB12),0) -> 44.968062 | N41: ='Data Bulanan'!ED12 -> 11.145781 | O41: =IFERROR(N41*SQRT(H41),0) -> 69.605379 | P41: =IFERROR(ROUND(1.65*O41,0),0) -> 115 | Q41: =IFERROR(ROUND(M41*H41+P41,0),0) -> 1869 | R41: =G41-Q41 -> 8976 | S41: =IF(G41=0,"Stockout ⚠",IF(G41<Q41,"Reorder 🔄",IF(G41>Q41+L41,"Overstock 📦","Aman ✅"))) -> Overstock 📦 | T41: =IFERROR(N41/AVERAGE(M37:M41),0) -> 0.21836399 | U41: 78.4 | V41: 0.003
A42: 1 | B42: 2021 | C42: Lokal | D42: BB008 | E42: Carbomer 940 | F42: kg | G42: 0 | H42: 8 | I42: =IFERROR(ROUND('Data Bulanan'!AC13,0),0) -> 39448 | J42: 852402 | K42: 147934 | L42: =IFERROR(ROUND(SQRT(2*I42*J42/K42),0),0) -> 674 | M42: =IFERROR(AVERAGE('Data Bulanan'!F13,'Data Bulanan'!H13,'Data Bulanan'!J13,'Data Bulanan'!L13,'Data Bulanan'!N13,'Data Bulanan'!P13,'Data Bulanan'!R13,'Data Bulanan'!T13,'Data Bulanan'!V13,'Data Bulanan'!X13,'Data Bulanan'!Z13,'Data Bulanan'!AB13),0) -> 105.12364 | N42: ='Data Bulanan'!AD13 -> 23.872844 | O42: =IFERROR(N42*SQRT(H42),0) -> 67.5226 | P42: =IFERROR(ROUND(1.65*O42,0),0) -> 111 | Q42: =IFERROR(ROUND(M42*H42+P42,0),0) -> 952 | R42: =G42-Q42 -> -952 | S42: =IF(G42=0,"Stockout ⚠",IF(G42<Q42,"Reorder 🔄",IF(G42>Q42+L42,"Overstock 📦","Aman ✅"))) -> Stockout ⚠ | T42: =IFERROR(N42/AVERAGE(M42:M46),0) -> 0.19124955 | U42: 3721.03 | V42: 0.8438
A43: 2 | B43: 2022 | C43: Lokal | D43: BB008 | E43: Carbomer 940 | F43: kg | G43: 0 | H43: 8 | I43: =IFERROR(ROUND('Data Bulanan'!BC13,0),0) -> 44605 | J43: 794896 | K43: 143692 | L43: =IFERROR(ROUND(SQRT(2*I43*J43/K43),0),0) -> 702 | M43: =IFERROR(AVERAGE('Data Bulanan'!AF13,'Data Bulanan'!AH13,'Data Bulanan'!AJ13,'Data Bulanan'!AL13,'Data Bulanan'!AN13,'Data Bulanan'!AP13,'Data Bulanan'!AR13,'Data Bulanan'!AT13,'Data Bulanan'!AV13,'Data Bulanan'!AX13,'Data Bulanan'!AZ13,'Data Bulanan'!BB13),0) -> 119.0028 | N43: ='Data Bulanan'!BD13 -> 29.567777 | O43: =IFERROR(N43*SQRT(H43),0) -> 83.630303 | P43: =IFERROR(ROUND(1.65*O43,0),0) -> 138 | Q43: =IFERROR(ROUND(M43*H43+P43,0),0) -> 1090 | R43: =G43-Q43 -> -1090 | S43: =IF(G43=0,"Stockout ⚠",IF(G43<Q43,"Reorder 🔄",IF(G43>Q43+L43,"Overstock 📦","Aman ✅"))) -> Stockout ⚠ | T43: =IFERROR(N43/AVERAGE(M42:M46),0) -> 0.23687266 | U43: 3721.03 | V43: 0.8438
A44: 3 | B44: 2023 | C44: Lokal | D44: BB008 | E44: Carbomer 940 | F44: kg | G44: 6679 | H44: 8 | I44: =IFERROR(ROUND('Data Bulanan'!CC13,0),0) -> 43229 | J44: 750715 | K44: 134390 | L44: =IFERROR(ROUND(SQRT(2*I44*J44/K44),0),0) -> 695 | M44: =IFERROR(AVERAGE('Data Bulanan'!BF13,'Data Bulanan'!BH13,'Data Bulanan'!BJ13,'Data Bulanan'!BL13,'Data Bulanan'!BN13,'Data Bulanan'!BP13,'Data Bulanan'!BR13,'Data Bulanan'!BT13,'Data Bulanan'!BV13,'Data Bulanan'!BX13,'Data Bulanan'!BZ13,'Data Bulanan'!CB13),0) -> 114.91243 | N44: ='Data Bulanan'!CD13 -> 17.595176 | O44: =IFERROR(N44*SQRT(H44),0) -> 49.766674 | P44: =IFERROR(ROUND(1.65*O44,0),0) -> 82 | Q44: =IFERROR(ROUND(M44*H44+P44,0),0) -> 1001 | R44: =G44-Q44 -> 5678 | S44: =IF(G44=0,"Stockout ⚠",IF(G44<Q44,"Reorder 🔄",IF(G44>Q44+L44,"Overstock 📦","Aman ✅"))) -> Overstock 📦 | T44: =IFERROR(N44/AVERAGE(M42:M46),0) -> 0.14095805 | U44: 3721.03 | V44: 0.8438
A45: 4 | B45: 2024 | C45: Lokal | D45: BB008 | E45: Carbomer 940 | F45: kg | G45: 4599 | H45: 8 | I45: =IFERROR(ROUND('Data Bulanan'!DC13,0),0) -> 53692 | J45: 729890 | K45: 139923 | L45: =IFERROR(ROUND(SQRT(2*I45*J45/K45),0),0) -> 748 | M45: =IFERROR(AVERAGE('Data Bulanan'!CF13,'Data Bulanan'!CH13,'Data Bulanan'!CJ13,'Data Bulanan'!CL13,'Data Bulanan'!CN13,'Data Bulanan'!CP13,'Data Bulanan'!CR13,'Data Bulanan'!CT13,'Data Bulanan'!CV13,'Data Bulanan'!CX13,'Data Bulanan'!CZ13,'Data Bulanan'!DB13),0) -> 143.05524 | N45: ='Data Bulanan'!DD13 -> 28.485186 | O45: =IFERROR(N45*SQRT(H45),0) -> 80.568274 | P45: =IFERROR(ROUND(1.65*O45,0),0) -> 133 | Q45: =IFERROR(ROUND(M45*H45+P45,0),0) -> 1277 | R45: =G45-Q45 -> 3322 | S45: =IF(G45=0,"Stockout ⚠",IF(G45<Q45,"Reorder 🔄",IF(G45>Q45+L45,"Overstock 📦","Aman ✅"))) -> Overstock 📦 | T45: =IFERROR(N45/AVERAGE(M42:M46),0) -> 0.22819983 | U45: 3721.03 | V45: 0.8438
A46: 5 | B46: 2025 | C46: Lokal | D46: BB008 | E46: Carbomer 940 | F46: kg | G46: 4757 | H46: 8 | I46: =IFERROR(ROUND('Data Bulanan'!EC13,0),0) -> 53509 | J46: 799643 | K46: 142565 | L46: =IFERROR(ROUND(SQRT(2*I46*J46/K46),0),0) -> 775 | M46: =IFERROR(AVERAGE('Data Bulanan'!DF13,'Data Bulanan'!DH13,'Data Bulanan'!DJ13,'Data Bulanan'!DL13,'Data Bulanan'!DN13,'Data Bulanan'!DP13,'Data Bulanan'!DR13,'Data Bulanan'!DT13,'Data Bulanan'!DV13,'Data Bulanan'!DX13,'Data Bulanan'!DZ13,'Data Bulanan'!EB13),0) -> 142.034 | N46: ='Data Bulanan'!ED13 -> 26.407245 | O46: =IFERROR(N46*SQRT(H46),0) -> 74.690967 | P46: =IFERROR(ROUND(1.65*O46,0),0) -> 123 | Q46: =IFERROR(ROUND(M46*H46+P46,0),0) -> 1259 | R46: =G46-Q46 -> 3498 | S46: =IF(G46=0,"Stockout ⚠",IF(G46<Q46,"Reorder 🔄",IF(G46>Q46+L46,"Overstock 📦","Aman ✅"))) -> Overstock 📦 | T46: =IFERROR(N46/AVERAGE(M42:M46),0) -> 0.21155308 | U46: 3721.03 | V46: 0.8438
A47: 1 | B47: 2021 | C47: Lokal | D47: BB009 | E47: Kaolin Clay | F47: kg | G47: 2352 | H47: 6 | I47: =IFERROR(ROUND('Data Bulanan'!AC14,0),0) -> 46102 | J47: 537137 | K47: 371408 | L47: =IFERROR(ROUND(SQRT(2*I47*J47/K47),0),0) -> 365 | M47: =IFERROR(AVERAGE('Data Bulanan'!F14,'Data Bulanan'!H14,'Data Bulanan'!J14,'Data Bulanan'!L14,'Data Bulanan'!N14,'Data Bulanan'!P14,'Data Bulanan'!R14,'Data Bulanan'!T14,'Data Bulanan'!V14,'Data Bulanan'!X14,'Data Bulanan'!Z14,'Data Bulanan'!AB14),0) -> 122.33802 | N47: ='Data Bulanan'!AD14 -> 27.447935 | O47: =IFERROR(N47*SQRT(H47),0) -> 67.233436 | P47: =IFERROR(ROUND(1.65*O47,0),0) -> 111 | Q47: =IFERROR(ROUND(M47*H47+P47,0),0) -> 845 | R47: =G47-Q47 -> 1507 | S47: =IF(G47=0,"Stockout ⚠",IF(G47<Q47,"Reorder 🔄",IF(G47>Q47+L47,"Overstock 📦","Aman ✅"))) -> Overstock 📦 | T47: =IFERROR(N47/AVERAGE(M47:M51),0) -> 0.23276738 | U47: 401.8 | V47: 0.0314
A48: 2 | B48: 2022 | C48: Lokal | D48: BB009 | E48: Kaolin Clay | F48: kg | G48: 987 | H48: 6 | I48: =IFERROR(ROUND('Data Bulanan'!BC14,0),0) -> 38672 | J48: 636619 | K48: 393306 | L48: =IFERROR(ROUND(SQRT(2*I48*J48/K48),0),0) -> 354 | M48: =IFERROR(AVERAGE('Data Bulanan'!AF14,'Data Bulanan'!AH14,'Data Bulanan'!AJ14,'Data Bulanan'!AL14,'Data Bulanan'!AN14,'Data Bulanan'!AP14,'Data Bulanan'!AR14,'Data Bulanan'!AT14,'Data Bulanan'!AV14,'Data Bulanan'!AX14,'Data Bulanan'!AZ14,'Data Bulanan'!BB14),0) -> 102.83263 | N48: ='Data Bulanan'!BD14 -> 20.386272 | O48: =IFERROR(N48*SQRT(H48),0) -> 49.935964 | P48: =IFERROR(ROUND(1.65*O48,0),0) -> 82 | Q48: =IFERROR(ROUND(M48*H48+P48,0),0) -> 699 | R48: =G48-Q48 -> 288 | S48: =IF(G48=0,"Stockout ⚠",IF(G48<Q48,"Reorder 🔄",IF(G48>Q48+L48,"Overstock 📦","Aman ✅"))) -> Aman ✅ | T48: =IFERROR(N48/AVERAGE(M47:M51),0) -> 0.17288219 | U48: 401.8 | V48: 0.0314
A49: 3 | B49: 2023 | C49: Lokal | D49: BB009 | E49: Kaolin Clay | F49: kg | G49: 1466 | H49: 6 | I49: =IFERROR(ROUND('Data Bulanan'!CC14,0),0) -> 45462 | J49: 595125 | K49: 347955 | L49: =IFERROR(ROUND(SQRT(2*I49*J49/K49),0),0) -> 394 | M49: =IFERROR(AVERAGE('Data Bulanan'!BF14,'Data Bulanan'!BH14,'Data Bulanan'!BJ14,'Data Bulanan'!BL14,'Data Bulanan'!BN14,'Data Bulanan'!BP14,'Data Bulanan'!BR14,'Data Bulanan'!BT14,'Data Bulanan'!BV14,'Data Bulanan'!BX14,'Data Bulanan'!BZ14,'Data Bulanan'!CB14),0) -> 121.50996 | N49: ='Data Bulanan'!CD14 -> 31.296677 | O49: =IFERROR(N49*SQRT(H49),0) -> 76.660889 | P49: =IFERROR(ROUND(1.65*O49,0),0) -> 126 | Q49: =IFERROR(ROUND(M49*H49+P49,0),0) -> 855 | R49: =G49-Q49 -> 611 | S49: =IF(G49=0,"Stockout ⚠",IF(G49<Q49,"Reorder 🔄",IF(G49>Q49+L49,"Overstock 📦","Aman ✅"))) -> Overstock 📦 | T49: =IFERROR(N49/AVERAGE(M47:M51),0) -> 0.26540596 | U49: 401.8 | V49: 0.0314
A50: 4 | B50: 2024 | C50: Lokal | D50: BB009 | E50: Kaolin Clay | F50: kg | G50: 1824 | H50: 6 | I50: =IFERROR(ROUND('Data Bulanan'!DC14,0),0) -> 48083 | J50: 604578 | K50: 403541 | L50: =IFERROR(ROUND(SQRT(2*I50*J50/K50),0),0) -> 380 | M50: =IFERROR(AVERAGE('Data Bulanan'!CF14,'Data Bulanan'!CH14,'Data Bulanan'!CJ14,'Data Bulanan'!CL14,'Data Bulanan'!CN14,'Data Bulanan'!CP14,'Data Bulanan'!CR14,'Data Bulanan'!CT14,'Data Bulanan'!CV14,'Data Bulanan'!CX14,'Data Bulanan'!CZ14,'Data Bulanan'!DB14),0) -> 127.63056 | N50: ='Data Bulanan'!DD14 -> 32.651756 | O50: =IFERROR(N50*SQRT(H50),0) -> 79.980142 | P50: =IFERROR(ROUND(1.65*O50,0),0) -> 132 | Q50: =IFERROR(ROUND(M50*H50+P50,0),0) -> 898 | R50: =G50-Q50 -> 926 | S50: =IF(G50=0,"Stockout ⚠",IF(G50<Q50,"Reorder 🔄",IF(G50>Q50+L50,"Overstock 📦","Aman ✅"))) -> Overstock 📦 | T50: =IFERROR(N50/AVERAGE(M47:M51),0) -> 0.27689747 | U50: 401.8 | V50: 0.0314
A51: 5 | B51: 2025 | C51: Lokal | D51: BB009 | E51: Kaolin Clay | F51: kg | G51: 1269 | H51: 6 | I51: =IFERROR(ROUND('Data Bulanan'!EC14,0),0) -> 43406 | J51: 641761 | K51: 394193 | L51: =IFERROR(ROUND(SQRT(2*I51*J51/K51),0),0) -> 376 | M51: =IFERROR(AVERAGE('Data Bulanan'!DF14,'Data Bulanan'!DH14,'Data Bulanan'!DJ14,'Data Bulanan'!DL14,'Data Bulanan'!DN14,'Data Bulanan'!DP14,'Data Bulanan'!DR14,'Data Bulanan'!DT14,'Data Bulanan'!DV14,'Data Bulanan'!DX14,'Data Bulanan'!DZ14,'Data Bulanan'!EB14),0) -> 115.28896 | N51: ='Data Bulanan'!ED14 -> 28.524724 | O51: =IFERROR(N51*SQRT(H51),0) -> 69.871019 | P51: =IFERROR(ROUND(1.65*O51,0),0) -> 115 | Q51: =IFERROR(ROUND(M51*H51+P51,0),0) -> 807 | R51: =G51-Q51 -> 462 | S51: =IF(G51=0,"Stockout ⚠",IF(G51<Q51,"Reorder 🔄",IF(G51>Q51+L51,"Overstock 📦","Aman ✅"))) -> Overstock 📦 | T51: =IFERROR(N51/AVERAGE(M47:M51),0) -> 0.2418989 | U51: 401.8 | V51: 0.0314
A52: 1 | B52: 2021 | C52: Lokal | D52: BB010 | E52: Talc Powder | F52: kg | G52: 1331 | H52: 10 | I52: =IFERROR(ROUND('Data Bulanan'!AC15,0),0) -> 39767 | J52: 361831 | K52: 489661 | L52: =IFERROR(ROUND(SQRT(2*I52*J52/K52),0),0) -> 242 | M52: =IFERROR(AVERAGE('Data Bulanan'!F15,'Data Bulanan'!H15,'Data Bulanan'!J15,'Data Bulanan'!L15,'Data Bulanan'!N15,'Data Bulanan'!P15,'Data Bulanan'!R15,'Data Bulanan'!T15,'Data Bulanan'!V15,'Data Bulanan'!X15,'Data Bulanan'!Z15,'Data Bulanan'!AB15),0) -> 106.16711 | N52: ='Data Bulanan'!AD15 -> 29.542053 | O52: =IFERROR(N52*SQRT(H52),0) -> 93.420175 | P52: =IFERROR(ROUND(1.65*O52,0),0) -> 154 | Q52: =IFERROR(ROUND(M52*H52+P52,0),0) -> 1216 | R52: =G52-Q52 -> 115 | S52: =IF(G52=0,"Stockout ⚠",IF(G52<Q52,"Reorder 🔄",IF(G52>Q52+L52,"Overstock 📦","Aman ✅"))) -> Aman ✅ | T52: =IFERROR(N52/AVERAGE(M52:M56),0) -> 0.30691833 | U52: -1450.41 | V52: 0.2715
A53: 2 | B53: 2022 | C53: Lokal | D53: BB010 | E53: Talc Powder | F53: kg | G53: 0 | H53: 10 | I53: =IFERROR(ROUND('Data Bulanan'!BC15,0),0) -> 35803 | J53: 402435 | K53: 491251 | L53: =IFERROR(ROUND(SQRT(2*I53*J53/K53),0),0) -> 242 | M53: =IFERROR(AVERAGE('Data Bulanan'!AF15,'Data Bulanan'!AH15,'Data Bulanan'!AJ15,'Data Bulanan'!AL15,'Data Bulanan'!AN15,'Data Bulanan'!AP15,'Data Bulanan'!AR15,'Data Bulanan'!AT15,'Data Bulanan'!AV15,'Data Bulanan'!AX15,'Data Bulanan'!AZ15,'Data Bulanan'!BB15),0) -> 95.51042 | N53: ='Data Bulanan'!BD15 -> 22.791449 | O53: =IFERROR(N53*SQRT(H53),0) -> 72.072891 | P53: =IFERROR(ROUND(1.65*O53,0),0) -> 119 | Q53: =IFERROR(ROUND(M53*H53+P53,0),0) -> 1074 | R53: =G53-Q53 -> -1074 | S53: =IF(G53=0,"Stockout ⚠",IF(G53<Q53,"Reorder 🔄",IF(G53>Q53+L53,"Overstock 📦","Aman ✅"))) -> Stockout ⚠ | T53: =IFERROR(N53/AVERAGE(M52:M56),0) -> 0.23678495 | U53: -1450.41 | V53: 0.2715
A54: 3 | B54: 2023 | C54: Lokal | D54: BB010 | E54: Talc Powder | F54: kg | G54: 2084 | H54: 10 | I54: =IFERROR(ROUND('Data Bulanan'!CC15,0),0) -> 34164 | J54: 398182 | K54: 425432 | L54: =IFERROR(ROUND(SQRT(2*I54*J54/K54),0),0) -> 253 | M54: =IFERROR(AVERAGE('Data Bulanan'!BF15,'Data Bulanan'!BH15,'Data Bulanan'!BJ15,'Data Bulanan'!BL15,'Data Bulanan'!BN15,'Data Bulanan'!BP15,'Data Bulanan'!BR15,'Data Bulanan'!BT15,'Data Bulanan'!BV15,'Data Bulanan'!BX15,'Data Bulanan'!BZ15,'Data Bulanan'!CB15),0) -> 91.046838 | N54: ='Data Bulanan'!CD15 -> 18.013106 | O54: =IFERROR(N54*SQRT(H54),0) -> 56.962443 | P54: =IFERROR(ROUND(1.65*O54,0),0) -> 94 | Q54: =IFERROR(ROUND(M54*H54+P54,0),0) -> 1004 | R54: =G54-Q54 -> 1080 | S54: =IF(G54=0,"Stockout ⚠",IF(G54<Q54,"Reorder 🔄",IF(G54>Q54+L54,"Overstock 📦","Aman ✅"))) -> Overstock 📦 | T54: =IFERROR(N54/AVERAGE(M52:M56),0) -> 0.18714178 | U54: -1450.41 | V54: 0.2715
A55: 4 | B55: 2024 | C55: Lokal | D55: BB010 | E55: Talc Powder | F55: kg | G55: 4343 | H55: 10 | I55: =IFERROR(ROUND('Data Bulanan'!DC15,0),0) -> 40871 | J55: 382618 | K55: 426511 | L55: =IFERROR(ROUND(SQRT(2*I55*J55/K55),0),0) -> 271 | M55: =IFERROR(AVERAGE('Data Bulanan'!CF15,'Data Bulanan'!CH15,'Data Bulanan'!CJ15,'Data Bulanan'!CL15,'Data Bulanan'!CN15,'Data Bulanan'!CP15,'Data Bulanan'!CR15,'Data Bulanan'!CT15,'Data Bulanan'!CV15,'Data Bulanan'!CX15,'Data Bulanan'!CZ15,'Data Bulanan'!DB15),0) -> 108.93897 | N55: ='Data Bulanan'!DD15 -> 22.601584 | O55: =IFERROR(N55*SQRT(H55),0) -> 71.472485 | P55: =IFERROR(ROUND(1.65*O55,0),0) -> 118 | Q55: =IFERROR(ROUND(M55*H55+P55,0),0) -> 1207 | R55: =G55-Q55 -> 3136 | S55: =IF(G55=0,"Stockout ⚠",IF(G55<Q55,"Reorder 🔄",IF(G55>Q55+L55,"Overstock 📦","Aman ✅"))) -> Overstock 📦 | T55: =IFERROR(N55/AVERAGE(M52:M56),0) -> 0.2348124 | U55: -1450.41 | V55: 0.2715
A56: 5 | B56: 2025 | C56: Lokal | D56: BB010 | E56: Talc Powder | F56: kg | G56: 2382 | H56: 10 | I56: =IFERROR(ROUND('Data Bulanan'!EC15,0),0) -> 29981 | J56: 395099 | K56: 478272 | L56: =IFERROR(ROUND(SQRT(2*I56*J56/K56),0),0) -> 223 | M56: =IFERROR(AVERAGE('Data Bulanan'!DF15,'Data Bulanan'!DH15,'Data Bulanan'!DJ15,'Data Bulanan'!DL15,'Data Bulanan'!DN15,'Data Bulanan'!DP15,'Data Bulanan'!DR15,'Data Bulanan'!DT15,'Data Bulanan'!DV15,'Data Bulanan'!DX15,'Data Bulanan'!DZ15,'Data Bulanan'!EB15),0) -> 79.605626 | N56: ='Data Bulanan'!ED15 -> 21.886007 | O56: =IFERROR(N56*SQRT(H56),0) -> 69.209631 | P56: =IFERROR(ROUND(1.65*O56,0),0) -> 114 | Q56: =IFERROR(ROUND(M56*H56+P56,0),0) -> 910 | R56: =G56-Q56 -> 1472 | S56: =IF(G56=0,"Stockout ⚠",IF(G56<Q56,"Reorder 🔄",IF(G56>Q56+L56,"Overstock 📦","Aman ✅"))) -> Overstock 📦 | T56: =IFERROR(N56/AVERAGE(M52:M56),0) -> 0.22737813 | U56: -1450.41 | V56: 0.2715
A57: 1 | B57: 2021 | C57: Lokal | D57: BB011 | E57: Aqua DM | F57: L | G57: 6960 | H57: 40 | I57: =IFERROR(ROUND('Data Bulanan'!AC16,0),0) -> 9027 | J57: 8369633 | K57: 439383 | L57: =IFERROR(ROUND(SQRT(2*I57*J57/K57),0),0) -> 586 | M57: =IFERROR(AVERAGE('Data Bulanan'!F16,'Data Bulanan'!H16,'Data Bulanan'!J16,'Data Bulanan'!L16,'Data Bulanan'!N16,'Data Bulanan'!P16,'Data Bulanan'!R16,'Data Bulanan'!T16,'Data Bulanan'!V16,'Data Bulanan'!X16,'Data Bulanan'!Z16,'Data Bulanan'!AB16),0) -> 24.062193 | N57: ='Data Bulanan'!AD16 -> 5.3226573 | O57: =IFERROR(N57*SQRT(H57),0) -> 33.66344 | P57: =IFERROR(ROUND(1.65*O57,0),0) -> 56 | Q57: =IFERROR(ROUND(M57*H57+P57,0),0) -> 1018 | R57: =G57-Q57 -> 5942 | S57: =IF(G57=0,"Stockout ⚠",IF(G57<Q57,"Reorder 🔄",IF(G57>Q57+L57,"Overstock 📦","Aman ✅"))) -> Overstock 📦 | T57: =IFERROR(N57/AVERAGE(M57:M61),0) -> 0.21688595 | U57: 295.42 | V57: 0.4429
A58: 2 | B58: 2022 | C58: Lokal | D58: BB011 | E58: Aqua DM | F58: L | G58: 2826 | H58: 40 | I58: =IFERROR(ROUND('Data Bulanan'!BC16,0),0) -> 8088 | J58: 9237774 | K58: 436771 | L58: =IFERROR(ROUND(SQRT(2*I58*J58/K58),0),0) -> 585 | M58: =IFERROR(AVERAGE('Data Bulanan'!AF16,'Data Bulanan'!AH16,'Data Bulanan'!AJ16,'Data Bulanan'!AL16,'Data Bulanan'!AN16,'Data Bulanan'!AP16,'Data Bulanan'!AR16,'Data Bulanan'!AT16,'Data Bulanan'!AV16,'Data Bulanan'!AX16,'Data Bulanan'!AZ16,'Data Bulanan'!BB16),0) -> 21.507309 | N58: ='Data Bulanan'!BD16 -> 4.010297 | O58: =IFERROR(N58*SQRT(H58),0) -> 25.363345 | P58: =IFERROR(ROUND(1.65*O58,0),0) -> 42 | Q58: =IFERROR(ROUND(M58*H58+P58,0),0) -> 902 | R58: =G58-Q58 -> 1924 | S58: =IF(G58=0,"Stockout ⚠",IF(G58<Q58,"Reorder 🔄",IF(G58>Q58+L58,"Overstock 📦","Aman ✅"))) -> Overstock 📦 | T58: =IFERROR(N58/AVERAGE(M57:M61),0) -> 0.16341031 | U58: 295.42 | V58: 0.4429
A59: 3 | B59: 2023 | C59: Lokal | D59: BB011 | E59: Aqua DM | F59: L | G59: 3206 | H59: 40 | I59: =IFERROR(ROUND('Data Bulanan'!CC16,0),0) -> 9710 | J59: 7776763 | K59: 498780 | L59: =IFERROR(ROUND(SQRT(2*I59*J59/K59),0),0) -> 550 | M59: =IFERROR(AVERAGE('Data Bulanan'!BF16,'Data Bulanan'!BH16,'Data Bulanan'!BJ16,'Data Bulanan'!BL16,'Data Bulanan'!BN16,'Data Bulanan'!BP16,'Data Bulanan'!BR16,'Data Bulanan'!BT16,'Data Bulanan'!BV16,'Data Bulanan'!BX16,'Data Bulanan'!BZ16,'Data Bulanan'!CB16),0) -> 25.873451 | N59: ='Data Bulanan'!CD16 -> 6.3445796 | O59: =IFERROR(N59*SQRT(H59),0) -> 40.126645 | P59: =IFERROR(ROUND(1.65*O59,0),0) -> 66 | Q59: =IFERROR(ROUND(M59*H59+P59,0),0) -> 1101 | R59: =G59-Q59 -> 2105 | S59: =IF(G59=0,"Stockout ⚠",IF(G59<Q59,"Reorder 🔄",IF(G59>Q59+L59,"Overstock 📦","Aman ✅"))) -> Overstock 📦 | T59: =IFERROR(N59/AVERAGE(M57:M61),0) -> 0.25852692 | U59: 295.42 | V59: 0.4429
A60: 4 | B60: 2024 | C60: Lokal | D60: BB011 | E60: Aqua DM | F60: L | G60: 0 | H60: 40 | I60: =IFERROR(ROUND('Data Bulanan'!DC16,0),0) -> 9510 | J60: 8213905 | K60: 482546 | L60: =IFERROR(ROUND(SQRT(2*I60*J60/K60),0),0) -> 569 | M60: =IFERROR(AVERAGE('Data Bulanan'!CF16,'Data Bulanan'!CH16,'Data Bulanan'!CJ16,'Data Bulanan'!CL16,'Data Bulanan'!CN16,'Data Bulanan'!CP16,'Data Bulanan'!CR16,'Data Bulanan'!CT16,'Data Bulanan'!CV16,'Data Bulanan'!CX16,'Data Bulanan'!CZ16,'Data Bulanan'!DB16),0) -> 25.257764 | N60: ='Data Bulanan'!DD16 -> 6.121365 | O60: =IFERROR(N60*SQRT(H60),0) -> 38.714911 | P60: =IFERROR(ROUND(1.65*O60,0),0) -> 64 | Q60: =IFERROR(ROUND(M60*H60+P60,0),0) -> 1074 | R60: =G60-Q60 -> -1074 | S60: =IF(G60=0,"Stockout ⚠",IF(G60<Q60,"Reorder 🔄",IF(G60>Q60+L60,"Overstock 📦","Aman ✅"))) -> Stockout ⚠ | T60: =IFERROR(N60/AVERAGE(M57:M61),0) -> 0.24943144 | U60: 295.42 | V60: 0.4429
A61: 5 | B61: 2025 | C61: Lokal | D61: BB011 | E61: Aqua DM | F61: L | G61: 3079 | H61: 40 | I61: =IFERROR(ROUND('Data Bulanan'!EC16,0),0) -> 9793 | J61: 8137115 | K61: 503751 | L61: =IFERROR(ROUND(SQRT(2*I61*J61/K61),0),0) -> 562 | M61: =IFERROR(AVERAGE('Data Bulanan'!DF16,'Data Bulanan'!DH16,'Data Bulanan'!DJ16,'Data Bulanan'!DL16,'Data Bulanan'!DN16,'Data Bulanan'!DP16,'Data Bulanan'!DR16,'Data Bulanan'!DT16,'Data Bulanan'!DV16,'Data Bulanan'!DX16,'Data Bulanan'!DZ16,'Data Bulanan'!EB16),0) -> 26.005645 | N61: ='Data Bulanan'!ED16 -> 6.6549465 | O61: =IFERROR(N61*SQRT(H61),0) -> 42.089577 | P61: =IFERROR(ROUND(1.65*O61,0),0) -> 69 | Q61: =IFERROR(ROUND(M61*H61+P61,0),0) -> 1109 | R61: =G61-Q61 -> 1970 | S61: =IF(G61=0,"Stockout ⚠",IF(G61<Q61,"Reorder 🔄",IF(G61>Q61+L61,"Overstock 📦","Aman ✅"))) -> Overstock 📦 | T61: =IFERROR(N61/AVERAGE(M57:M61),0) -> 0.27117365 | U61: 295.42 | V61: 0.4429
A62: 1 | B62: 2021 | C62: Lokal | D62: BB012 | E62: Zinc Oxide | F62: kg | G62: 3974 | H62: 30 | I62: =IFERROR(ROUND('Data Bulanan'!AC17,0),0) -> 12092 | J62: 10084464 | K62: 280757 | L62: =IFERROR(ROUND(SQRT(2*I62*J62/K62),0),0) -> 932 | M62: =IFERROR(AVERAGE('Data Bulanan'!F17,'Data Bulanan'!H17,'Data Bulanan'!J17,'Data Bulanan'!L17,'Data Bulanan'!N17,'Data Bulanan'!P17,'Data Bulanan'!R17,'Data Bulanan'!T17,'Data Bulanan'!V17,'Data Bulanan'!X17,'Data Bulanan'!Z17,'Data Bulanan'!AB17),0) -> 32.118683 | N62: ='Data Bulanan'!AD17 -> 6.1088494 | O62: =IFERROR(N62*SQRT(H62),0) -> 33.459546 | P62: =IFERROR(ROUND(1.65*O62,0),0) -> 55 | Q62: =IFERROR(ROUND(M62*H62+P62,0),0) -> 1019 | R62: =G62-Q62 -> 2955 | S62: =IF(G62=0,"Stockout ⚠",IF(G62<Q62,"Reorder 🔄",IF(G62>Q62+L62,"Overstock 📦","Aman ✅"))) -> Overstock 📦 | T62: =IFERROR(N62/AVERAGE(M62:M66),0) -> 0.20395627 | U62: -200.59 | V62: 0.1803
A63: 2 | B63: 2022 | C63: Lokal | D63: BB012 | E63: Zinc Oxide | F63: kg | G63: 3332 | H63: 30 | I63: =IFERROR(ROUND('Data Bulanan'!BC17,0),0) -> 11666 | J63: 10318371 | K63: 295775 | L63: =IFERROR(ROUND(SQRT(2*I63*J63/K63),0),0) -> 902 | M63: =IFERROR(AVERAGE('Data Bulanan'!AF17,'Data Bulanan'!AH17,'Data Bulanan'!AJ17,'Data Bulanan'!AL17,'Data Bulanan'!AN17,'Data Bulanan'!AP17,'Data Bulanan'!AR17,'Data Bulanan'!AT17,'Data Bulanan'!AV17,'Data Bulanan'!AX17,'Data Bulanan'!AZ17,'Data Bulanan'!BB17),0) -> 31.019803 | N63: ='Data Bulanan'!BD17 -> 8.1849864 | O63: =IFERROR(N63*SQRT(H63),0) -> 44.831017 | P63: =IFERROR(ROUND(1.65*O63,0),0) -> 74 | Q63: =IFERROR(ROUND(M63*H63+P63,0),0) -> 1005 | R63: =G63-Q63 -> 2327 | S63: =IF(G63=0,"Stockout ⚠",IF(G63<Q63,"Reorder 🔄",IF(G63>Q63+L63,"Overstock 📦","Aman ✅"))) -> Overstock 📦 | T63: =IFERROR(N63/AVERAGE(M62:M66),0) -> 0.2732723 | U63: -200.59 | V63: 0.1803
A64: 3 | B64: 2023 | C64: Lokal | D64: BB012 | E64: Zinc Oxide | F64: kg | G64: 2000 | H64: 30 | I64: =IFERROR(ROUND('Data Bulanan'!CC17,0),0) -> 10144 | J64: 9376906 | K64: 244460 | L64: =IFERROR(ROUND(SQRT(2*I64*J64/K64),0),0) -> 882 | M64: =IFERROR(AVERAGE('Data Bulanan'!BF17,'Data Bulanan'!BH17,'Data Bulanan'!BJ17,'Data Bulanan'!BL17,'Data Bulanan'!BN17,'Data Bulanan'!BP17,'Data Bulanan'!BR17,'Data Bulanan'!BT17,'Data Bulanan'!BV17,'Data Bulanan'!BX17,'Data Bulanan'!BZ17,'Data Bulanan'!CB17),0) -> 27.005908 | N64: ='Data Bulanan'!CD17 -> 5.5056799 | O64: =IFERROR(N64*SQRT(H64),0) -> 30.155851 | P64: =IFERROR(ROUND(1.65*O64,0),0) -> 50 | Q64: =IFERROR(ROUND(M64*H64+P64,0),0) -> 860 | R64: =G64-Q64 -> 1140 | S64: =IF(G64=0,"Stockout ⚠",IF(G64<Q64,"Reorder 🔄",IF(G64>Q64+L64,"Overstock 📦","Aman ✅"))) -> Overstock 📦 | T64: =IFERROR(N64/AVERAGE(M62:M66),0) -> 0.18381824 | U64: -200.59 | V64: 0.1803
A65: 4 | B65: 2024 | C65: Lokal | D65: BB012 | E65: Zinc Oxide | F65: kg | G65: 771 | H65: 30 | I65: =IFERROR(ROUND('Data Bulanan'!DC17,0),0) -> 10953 | J65: 10177260 | K65: 284079 | L65: =IFERROR(ROUND(SQRT(2*I65*J65/K65),0),0) -> 886 | M65: =IFERROR(AVERAGE('Data Bulanan'!CF17,'Data Bulanan'!CH17,'Data Bulanan'!CJ17,'Data Bulanan'!CL17,'Data Bulanan'!CN17,'Data Bulanan'!CP17,'Data Bulanan'!CR17,'Data Bulanan'!CT17,'Data Bulanan'!CV17,'Data Bulanan'!CX17,'Data Bulanan'!CZ17,'Data Bulanan'!DB17),0) -> 29.227471 | N65: ='Data Bulanan'!DD17 -> 6.7111972 | O65: =IFERROR(N65*SQRT(H65),0) -> 36.758741 | P65: =IFERROR(ROUND(1.65*O65,0),0) -> 61 | Q65: =IFERROR(ROUND(M65*H65+P65,0),0) -> 938 | R65: =G65-Q65 -> -167 | S65: =IF(G65=0,"Stockout ⚠",IF(G65<Q65,"Reorder 🔄",IF(G65>Q65+L65,"Overstock 📦","Aman ✅"))) -> Reorder 🔄 | T65: =IFERROR(N65/AVERAGE(M62:M66),0) -> 0.22406687 | U65: -200.59 | V65: 0.1803
A66: 5 | B66: 2025 | C66: Lokal | D66: BB012 | E66: Zinc Oxide | F66: kg | G66: 7137 | H66: 30 | I66: =IFERROR(ROUND('Data Bulanan'!EC17,0),0) -> 11446 | J66: 10571089 | K66: 260815 | L66: =IFERROR(ROUND(SQRT(2*I66*J66/K66),0),0) -> 963 | M66: =IFERROR(AVERAGE('Data Bulanan'!DF17,'Data Bulanan'!DH17,'Data Bulanan'!DJ17,'Data Bulanan'!DL17,'Data Bulanan'!DN17,'Data Bulanan'!DP17,'Data Bulanan'!DR17,'Data Bulanan'!DT17,'Data Bulanan'!DV17,'Data Bulanan'!DX17,'Data Bulanan'!DZ17,'Data Bulanan'!EB17),0) -> 30.386937 | N66: ='Data Bulanan'!ED17 -> 6.9877823 | O66: =IFERROR(N66*SQRT(H66),0) -> 38.27366 | P66: =IFERROR(ROUND(1.65*O66,0),0) -> 63 | Q66: =IFERROR(ROUND(M66*H66+P66,0),0) -> 975 | R66: =G66-Q66 -> 6162 | S66: =IF(G66=0,"Stockout ⚠",IF(G66<Q66,"Reorder 🔄",IF(G66>Q66+L66,"Overstock 📦","Aman ✅"))) -> Overstock 📦 | T66: =IFERROR(N66/AVERAGE(M62:M66),0) -> 0.23330122 | U66: -200.59 | V66: 0.1803
A67: 1 | B67: 2021 | C67: Impor | D67: BB013 | E67: Niacinamide | F67: kg | G67: 12125 | H67: 32 | I67: =IFERROR(ROUND('Data Bulanan'!AC18,0),0) -> 47460 | J67: 5815399 | K67: 353012 | L67: =IFERROR(ROUND(SQRT(2*I67*J67/K67),0),0) -> 1250 | M67: =IFERROR(AVERAGE('Data Bulanan'!F18,'Data Bulanan'!H18,'Data Bulanan'!J18,'Data Bulanan'!L18,'Data Bulanan'!N18,'Data Bulanan'!P18,'Data Bulanan'!R18,'Data Bulanan'!T18,'Data Bulanan'!V18,'Data Bulanan'!X18,'Data Bulanan'!Z18,'Data Bulanan'!AB18),0) -> 126.52979 | N67: ='Data Bulanan'!AD18 -> 32.147567 | O67: =IFERROR(N67*SQRT(H67),0) -> 181.8541 | P67: =IFERROR(ROUND(1.65*O67,0),0) -> 300 | Q67: =IFERROR(ROUND(M67*H67+P67,0),0) -> 4349 | R67: =G67-Q67 -> 7776 | S67: =IF(G67=0,"Stockout ⚠",IF(G67<Q67,"Reorder 🔄",IF(G67>Q67+L67,"Overstock 📦","Aman ✅"))) -> Overstock 📦 | T67: =IFERROR(N67/AVERAGE(M67:M71),0) -> 0.25869075 | U67: 1438.68 | V67: 0.1543
A68: 2 | B68: 2022 | C68: Impor | D68: BB013 | E68: Niacinamide | F68: kg | G68: 10813 | H68: 32 | I68: =IFERROR(ROUND('Data Bulanan'!BC18,0),0) -> 44299 | J68: 5201709 | K68: 334890 | L68: =IFERROR(ROUND(SQRT(2*I68*J68/K68),0),0) -> 1173 | M68: =IFERROR(AVERAGE('Data Bulanan'!AF18,'Data Bulanan'!AH18,'Data Bulanan'!AJ18,'Data Bulanan'!AL18,'Data Bulanan'!AN18,'Data Bulanan'!AP18,'Data Bulanan'!AR18,'Data Bulanan'!AT18,'Data Bulanan'!AV18,'Data Bulanan'!AX18,'Data Bulanan'!AZ18,'Data Bulanan'!BB18),0) -> 117.61169 | N68: ='Data Bulanan'!BD18 -> 22.714252 | O68: =IFERROR(N68*SQRT(H68),0) -> 128.49121 | P68: =IFERROR(ROUND(1.65*O68,0),0) -> 212 | Q68: =IFERROR(ROUND(M68*H68+P68,0),0) -> 3976 | R68: =G68-Q68 -> 6837 | S68: =IF(G68=0,"Stockout ⚠",IF(G68<Q68,"Reorder 🔄",IF(G68>Q68+L68,"Overstock 📦","Aman ✅"))) -> Overstock 📦 | T68: =IFERROR(N68/AVERAGE(M67:M71),0) -> 0.18278108 | U68: 1438.68 | V68: 0.1543
A69: 3 | B69: 2023 | C69: Impor | D69: BB013 | E69: Niacinamide | F69: kg | G69: 9477 | H69: 32 | I69: =IFERROR(ROUND('Data Bulanan'!CC18,0),0) -> 44095 | J69: 5277053 | K69: 320586 | L69: =IFERROR(ROUND(SQRT(2*I69*J69/K69),0),0) -> 1205 | M69: =IFERROR(AVERAGE('Data Bulanan'!BF18,'Data Bulanan'!BH18,'Data Bulanan'!BJ18,'Data Bulanan'!BL18,'Data Bulanan'!BN18,'Data Bulanan'!BP18,'Data Bulanan'!BR18,'Data Bulanan'!BT18,'Data Bulanan'!BV18,'Data Bulanan'!BX18,'Data Bulanan'!BZ18,'Data Bulanan'!CB18),0) -> 117.59528 | N69: ='Data Bulanan'!CD18 -> 24.874831 | O69: =IFERROR(N69*SQRT(H69),0) -> 140.71329 | P69: =IFERROR(ROUND(1.65*O69,0),0) -> 232 | Q69: =IFERROR(ROUND(M69*H69+P69,0),0) -> 3995 | R69: =G69-Q69 -> 5482 | S69: =IF(G69=0,"Stockout ⚠",IF(G69<Q69,"Reorder 🔄",IF(G69>Q69+L69,"Overstock 📦","Aman ✅"))) -> Overstock 📦 | T69: =IFERROR(N69/AVERAGE(M67:M71),0) -> 0.20016721 | U69: 1438.68 | V69: 0.1543
A70: 4 | B70: 2024 | C70: Impor | D70: BB013 | E70: Niacinamide | F70: kg | G70: 6588 | H70: 32 | I70: =IFERROR(ROUND('Data Bulanan'!DC18,0),0) -> 41176 | J70: 6061940 | K70: 352899 | L70: =IFERROR(ROUND(SQRT(2*I70*J70/K70),0),0) -> 1189 | M70: =IFERROR(AVERAGE('Data Bulanan'!CF18,'Data Bulanan'!CH18,'Data Bulanan'!CJ18,'Data Bulanan'!CL18,'Data Bulanan'!CN18,'Data Bulanan'!CP18,'Data Bulanan'!CR18,'Data Bulanan'!CT18,'Data Bulanan'!CV18,'Data Bulanan'!CX18,'Data Bulanan'!CZ18,'Data Bulanan'!DB18),0) -> 109.50005 | N70: ='Data Bulanan'!DD18 -> 18.576879 | O70: =IFERROR(N70*SQRT(H70),0) -> 105.08669 | P70: =IFERROR(ROUND(1.65*O70,0),0) -> 173 | Q70: =IFERROR(ROUND(M70*H70+P70,0),0) -> 3677 | R70: =G70-Q70 -> 2911 | S70: =IF(G70=0,"Stockout ⚠",IF(G70<Q70,"Reorder 🔄",IF(G70>Q70+L70,"Overstock 📦","Aman ✅"))) -> Overstock 📦 | T70: =IFERROR(N70/AVERAGE(M67:M71),0) -> 0.14948773 | U70: 1438.68 | V70: 0.1543
A71: 5 | B71: 2025 | C71: Impor | D71: BB013 | E71: Niacinamide | F71: kg | G71: 23477 | H71: 32 | I71: =IFERROR(ROUND('Data Bulanan'!EC18,0),0) -> 56215 | J71: 5620535 | K71: 300464 | L71: =IFERROR(ROUND(SQRT(2*I71*J71/K71),0),0) -> 1450 | M71: =IFERROR(AVERAGE('Data Bulanan'!DF18,'Data Bulanan'!DH18,'Data Bulanan'!DJ18,'Data Bulanan'!DL18,'Data Bulanan'!DN18,'Data Bulanan'!DP18,'Data Bulanan'!DR18,'Data Bulanan'!DT18,'Data Bulanan'!DV18,'Data Bulanan'!DX18,'Data Bulanan'!DZ18,'Data Bulanan'!EB18),0) -> 150.1145 | N71: ='Data Bulanan'!ED18 -> 44.682496 | O71: =IFERROR(N71*SQRT(H71),0) -> 252.76237 | P71: =IFERROR(ROUND(1.65*O71,0),0) -> 417 | Q71: =IFERROR(ROUND(M71*H71+P71,0),0) -> 5221 | R71: =G71-Q71 -> 18256 | S71: =IF(G71=0,"Stockout ⚠",IF(G71<Q71,"Reorder 🔄",IF(G71>Q71+L71,"Overstock 📦","Aman ✅"))) -> Overstock 📦 | T71: =IFERROR(N71/AVERAGE(M67:M71),0) -> 0.35955905 | U71: 1438.68 | V71: 0.1543
A72: 1 | B72: 2021 | C72: Impor | D72: BB014 | E72: Allantoin | F72: kg | G72: 8340 | H72: 43 | I72: =IFERROR(ROUND('Data Bulanan'!AC19,0),0) -> 32931 | J72: 6558270 | K72: 435909 | L72: =IFERROR(ROUND(SQRT(2*I72*J72/K72),0),0) -> 995 | M72: =IFERROR(AVERAGE('Data Bulanan'!F19,'Data Bulanan'!H19,'Data Bulanan'!J19,'Data Bulanan'!L19,'Data Bulanan'!N19,'Data Bulanan'!P19,'Data Bulanan'!R19,'Data Bulanan'!T19,'Data Bulanan'!V19,'Data Bulanan'!X19,'Data Bulanan'!Z19,'Data Bulanan'!AB19),0) -> 87.643286 | N72: ='Data Bulanan'!AD19 -> 16.2038 | O72: =IFERROR(N72*SQRT(H72),0) -> 106.25542 | P72: =IFERROR(ROUND(1.65*O72,0),0) -> 175 | Q72: =IFERROR(ROUND(M72*H72+P72,0),0) -> 3944 | R72: =G72-Q72 -> 4396 | S72: =IF(G72=0,"Stockout ⚠",IF(G72<Q72,"Reorder 🔄",IF(G72>Q72+L72,"Overstock 📦","Aman ✅"))) -> Overstock 📦 | T72: =IFERROR(N72/AVERAGE(M72:M76),0) -> 0.17265532 | U72: 1934.33 | V72: 0.4667
A73: 2 | B73: 2022 | C73: Impor | D73: BB014 | E73: Allantoin | F73: kg | G73: 2660 | H73: 43 | I73: =IFERROR(ROUND('Data Bulanan'!BC19,0),0) -> 32436 | J73: 7433505 | K73: 423594 | L73: =IFERROR(ROUND(SQRT(2*I73*J73/K73),0),0) -> 1067 | M73: =IFERROR(AVERAGE('Data Bulanan'!AF19,'Data Bulanan'!AH19,'Data Bulanan'!AJ19,'Data Bulanan'!AL19,'Data Bulanan'!AN19,'Data Bulanan'!AP19,'Data Bulanan'!AR19,'Data Bulanan'!AT19,'Data Bulanan'!AV19,'Data Bulanan'!AX19,'Data Bulanan'!AZ19,'Data Bulanan'!BB19),0) -> 86.518388 | N73: ='Data Bulanan'!BD19 -> 17.946533 | O73: =IFERROR(N73*SQRT(H73),0) -> 117.68329 | P73: =IFERROR(ROUND(1.65*O73,0),0) -> 194 | Q73: =IFERROR(ROUND(M73*H73+P73,0),0) -> 3914 | R73: =G73-Q73 -> -1254 | S73: =IF(G73=0,"Stockout ⚠",IF(G73<Q73,"Reorder 🔄",IF(G73>Q73+L73,"Overstock 📦","Aman ✅"))) -> Reorder 🔄 | T73: =IFERROR(N73/AVERAGE(M72:M76),0) -> 0.19122456 | U73: 1934.33 | V73: 0.4667
A74: 3 | B74: 2023 | C74: Impor | D74: BB014 | E74: Allantoin | F74: kg | G74: 9854 | H74: 43 | I74: =IFERROR(ROUND('Data Bulanan'!CC19,0),0) -> 31277 | J74: 6442404 | K74: 476420 | L74: =IFERROR(ROUND(SQRT(2*I74*J74/K74),0),0) -> 920 | M74: =IFERROR(AVERAGE('Data Bulanan'!BF19,'Data Bulanan'!BH19,'Data Bulanan'!BJ19,'Data Bulanan'!BL19,'Data Bulanan'!BN19,'Data Bulanan'!BP19,'Data Bulanan'!BR19,'Data Bulanan'!BT19,'Data Bulanan'!BV19,'Data Bulanan'!BX19,'Data Bulanan'!BZ19,'Data Bulanan'!CB19),0) -> 83.038518 | N74: ='Data Bulanan'!CD19 -> 11.286586 | O74: =IFERROR(N74*SQRT(H74),0) -> 74.011093 | P74: =IFERROR(ROUND(1.65*O74,0),0) -> 122 | Q74: =IFERROR(ROUND(M74*H74+P74,0),0) -> 3693 | R74: =G74-Q74 -> 6161 | S74: =IF(G74=0,"Stockout ⚠",IF(G74<Q74,"Reorder 🔄",IF(G74>Q74+L74,"Overstock 📦","Aman ✅"))) -> Overstock 📦 | T74: =IFERROR(N74/AVERAGE(M72:M76),0) -> 0.12026124 | U74: 1934.33 | V74: 0.4667
A75: 4 | B75: 2024 | C75: Impor | D75: BB014 | E75: Allantoin | F75: kg | G75: 11888 | H75: 43 | I75: =IFERROR(ROUND('Data Bulanan'!DC19,0),0) -> 41901 | J75: 6254882 | K75: 456484 | L75: =IFERROR(ROUND(SQRT(2*I75*J75/K75),0),0) -> 1072 | M75: =IFERROR(AVERAGE('Data Bulanan'!CF19,'Data Bulanan'!CH19,'Data Bulanan'!CJ19,'Data Bulanan'!CL19,'Data Bulanan'!CN19,'Data Bulanan'!CP19,'Data Bulanan'!CR19,'Data Bulanan'!CT19,'Data Bulanan'!CV19,'Data Bulanan'!CX19,'Data Bulanan'!CZ19,'Data Bulanan'!DB19),0) -> 111.07924 | N75: ='Data Bulanan'!DD19 -> 23.847852 | O75: =IFERROR(N75*SQRT(H75),0) -> 156.38083 | P75: =IFERROR(ROUND(1.65*O75,0),0) -> 258 | Q75: =IFERROR(ROUND(M75*H75+P75,0),0) -> 5034 | R75: =G75-Q75 -> 6854 | S75: =IF(G75=0,"Stockout ⚠",IF(G75<Q75,"Reorder 🔄",IF(G75>Q75+L75,"Overstock 📦","Aman ✅"))) -> Overstock 📦 | T75: =IFERROR(N75/AVERAGE(M72:M76),0) -> 0.25410451 | U75: 1934.33 | V75: 0.4667
A76: 5 | B76: 2025 | C76: Impor | D76: BB014 | E76: Allantoin | F76: kg | G76: 13111 | H76: 43 | I76: =IFERROR(ROUND('Data Bulanan'!EC19,0),0) -> 37870 | J76: 7505409 | K76: 443183 | L76: =IFERROR(ROUND(SQRT(2*I76*J76/K76),0),0) -> 1133 | M76: =IFERROR(AVERAGE('Data Bulanan'!DF19,'Data Bulanan'!DH19,'Data Bulanan'!DJ19,'Data Bulanan'!DL19,'Data Bulanan'!DN19,'Data Bulanan'!DP19,'Data Bulanan'!DR19,'Data Bulanan'!DT19,'Data Bulanan'!DV19,'Data Bulanan'!DX19,'Data Bulanan'!DZ19,'Data Bulanan'!EB19),0) -> 100.9734 | N76: ='Data Bulanan'!ED19 -> 18.547081 | O76: =IFERROR(N76*SQRT(H76),0) -> 121.62134 | P76: =IFERROR(ROUND(1.65*O76,0),0) -> 201 | Q76: =IFERROR(ROUND(M76*H76+P76,0),0) -> 4543 | R76: =G76-Q76 -> 8568 | S76: =IF(G76=0,"Stockout ⚠",IF(G76<Q76,"Reorder 🔄",IF(G76>Q76+L76,"Overstock 📦","Aman ✅"))) -> Overstock 📦 | T76: =IFERROR(N76/AVERAGE(M72:M76),0) -> 0.19762354 | U76: 1934.33 | V76: 0.4667
A77: 1 | B77: 2021 | C77: Impor | D77: BB015 | E77: Panthenol | F77: kg | G77: 0 | H77: 9 | I77: =IFERROR(ROUND('Data Bulanan'!AC20,0),0) -> 42230 | J77: 328363 | K77: 445758 | L77: =IFERROR(ROUND(SQRT(2*I77*J77/K77),0),0) -> 249 | M77: =IFERROR(AVERAGE('Data Bulanan'!F20,'Data Bulanan'!H20,'Data Bulanan'!J20,'Data Bulanan'!L20,'Data Bulanan'!N20,'Data Bulanan'!P20,'Data Bulanan'!R20,'Data Bulanan'!T20,'Data Bulanan'!V20,'Data Bulanan'!X20,'Data Bulanan'!Z20,'Data Bulanan'!AB20),0) -> 112.51983 | N77: ='Data Bulanan'!AD20 -> 24.056609 | O77: =IFERROR(N77*SQRT(H77),0) -> 72.169827 | P77: =IFERROR(ROUND(1.65*O77,0),0) -> 119 | Q77: =IFERROR(ROUND(M77*H77+P77,0),0) -> 1132 | R77: =G77-Q77 -> -1132 | S77: =IF(G77=0,"Stockout ⚠",IF(G77<Q77,"Reorder 🔄",IF(G77>Q77+L77,"Overstock 📦","Aman ✅"))) -> Stockout ⚠ | T77: =IFERROR(N77/AVERAGE(M77:M81),0) -> 0.23524246 | U77: -379.55 | V77: 0.0208
A78: 2 | B78: 2022 | C78: Impor | D78: BB015 | E78: Panthenol | F78: kg | G78: 1210 | H78: 9 | I78: =IFERROR(ROUND('Data Bulanan'!BC20,0),0) -> 33787 | J78: 387836 | K78: 441719 | L78: =IFERROR(ROUND(SQRT(2*I78*J78/K78),0),0) -> 244 | M78: =IFERROR(AVERAGE('Data Bulanan'!AF20,'Data Bulanan'!AH20,'Data Bulanan'!AJ20,'Data Bulanan'!AL20,'Data Bulanan'!AN20,'Data Bulanan'!AP20,'Data Bulanan'!AR20,'Data Bulanan'!AT20,'Data Bulanan'!AV20,'Data Bulanan'!AX20,'Data Bulanan'!AZ20,'Data Bulanan'!BB20),0) -> 90.073169 | N78: ='Data Bulanan'!BD20 -> 20.629522 | O78: =IFERROR(N78*SQRT(H78),0) -> 61.888567 | P78: =IFERROR(ROUND(1.65*O78,0),0) -> 102 | Q78: =IFERROR(ROUND(M78*H78+P78,0),0) -> 913 | R78: =G78-Q78 -> 297 | S78: =IF(G78=0,"Stockout ⚠",IF(G78<Q78,"Reorder 🔄",IF(G78>Q78+L78,"Overstock 📦","Aman ✅"))) -> Overstock 📦 | T78: =IFERROR(N78/AVERAGE(M77:M81),0) -> 0.20173 | U78: -379.55 | V78: 0.0208
A79: 3 | B79: 2023 | C79: Impor | D79: BB015 | E79: Panthenol | F79: kg | G79: 1554 | H79: 9 | I79: =IFERROR(ROUND('Data Bulanan'!CC20,0),0) -> 41480 | J79: 361615 | K79: 499962 | L79: =IFERROR(ROUND(SQRT(2*I79*J79/K79),0),0) -> 245 | M79: =IFERROR(AVERAGE('Data Bulanan'!BF20,'Data Bulanan'!BH20,'Data Bulanan'!BJ20,'Data Bulanan'!BL20,'Data Bulanan'!BN20,'Data Bulanan'!BP20,'Data Bulanan'!BR20,'Data Bulanan'!BT20,'Data Bulanan'!BV20,'Data Bulanan'!BX20,'Data Bulanan'!BZ20,'Data Bulanan'!CB20),0) -> 110.77133 | N79: ='Data Bulanan'!CD20 -> 29.281439 | O79: =IFERROR(N79*SQRT(H79),0) -> 87.844316 | P79: =IFERROR(ROUND(1.65*O79,0),0) -> 145 | Q79: =IFERROR(ROUND(M79*H79+P79,0),0) -> 1142 | R79: =G79-Q79 -> 412 | S79: =IF(G79=0,"Stockout ⚠",IF(G79<Q79,"Reorder 🔄",IF(G79>Q79+L79,"Overstock 📦","Aman ✅"))) -> Overstock 📦 | T79: =IFERROR(N79/AVERAGE(M77:M81),0) -> 0.28633453 | U79: -379.55 | V79: 0.0208
A80: 4 | B80: 2024 | C80: Impor | D80: BB015 | E80: Panthenol | F80: kg | G80: 1096 | H80: 9 | I80: =IFERROR(ROUND('Data Bulanan'!DC20,0),0) -> 33886 | J80: 332703 | K80: 468090 | L80: =IFERROR(ROUND(SQRT(2*I80*J80/K80),0),0) -> 219 | M80: =IFERROR(AVERAGE('Data Bulanan'!CF20,'Data Bulanan'!CH20,'Data Bulanan'!CJ20,'Data Bulanan'!CL20,'Data Bulanan'!CN20,'Data Bulanan'!CP20,'Data Bulanan'!CR20,'Data Bulanan'!CT20,'Data Bulanan'!CV20,'Data Bulanan'!CX20,'Data Bulanan'!CZ20,'Data Bulanan'!DB20),0) -> 90.502759 | N80: ='Data Bulanan'!DD20 -> 25.667461 | O80: =IFERROR(N80*SQRT(H80),0) -> 77.002382 | P80: =IFERROR(ROUND(1.65*O80,0),0) -> 127 | Q80: =IFERROR(ROUND(M80*H80+P80,0),0) -> 942 | R80: =G80-Q80 -> 154 | S80: =IF(G80=0,"Stockout ⚠",IF(G80<Q80,"Reorder 🔄",IF(G80>Q80+L80,"Overstock 📦","Aman ✅"))) -> Aman ✅ | T80: =IFERROR(N80/AVERAGE(M77:M81),0) -> 0.25099451 | U80: -379.55 | V80: 0.0208
A81: 5 | B81: 2025 | C81: Impor | D81: BB015 | E81: Panthenol | F81: kg | G81: 1658 | H81: 9 | I81: =IFERROR(ROUND('Data Bulanan'!EC20,0),0) -> 40282 | J81: 367549 | K81: 496205 | L81: =IFERROR(ROUND(SQRT(2*I81*J81/K81),0),0) -> 244 | M81: =IFERROR(AVERAGE('Data Bulanan'!DF20,'Data Bulanan'!DH20,'Data Bulanan'!DJ20,'Data Bulanan'!DL20,'Data Bulanan'!DN20,'Data Bulanan'!DP20,'Data Bulanan'!DR20,'Data Bulanan'!DT20,'Data Bulanan'!DV20,'Data Bulanan'!DX20,'Data Bulanan'!DZ20,'Data Bulanan'!EB20),0) -> 107.4481 | N81: ='Data Bulanan'!ED20 -> 18.677863 | O81: =IFERROR(N81*SQRT(H81),0) -> 56.033589 | P81: =IFERROR(ROUND(1.65*O81,0),0) -> 92 | Q81: =IFERROR(ROUND(M81*H81+P81,0),0) -> 1059 | R81: =G81-Q81 -> 599 | S81: =IF(G81=0,"Stockout ⚠",IF(G81<Q81,"Reorder 🔄",IF(G81>Q81+L81,"Overstock 📦","Aman ✅"))) -> Overstock 📦 | T81: =IFERROR(N81/AVERAGE(M77:M81),0) -> 0.1826453 | U81: -379.55 | V81: 0.0208
A82: 1 | B82: 2021 | C82: Lokal | D82: BB016 | E82: Cocamidopropyl Betaine | F82: kg | G82: 0 | H82: 11 | I82: =IFERROR(ROUND('Data Bulanan'!AC21,0),0) -> 22556 | J82: 1204942 | K82: 232786 | L82: =IFERROR(ROUND(SQRT(2*I82*J82/K82),0),0) -> 483 | M82: =IFERROR(AVERAGE('Data Bulanan'!F21,'Data Bulanan'!H21,'Data Bulanan'!J21,'Data Bulanan'!L21,'Data Bulanan'!N21,'Data Bulanan'!P21,'Data Bulanan'!R21,'Data Bulanan'!T21,'Data Bulanan'!V21,'Data Bulanan'!X21,'Data Bulanan'!Z21,'Data Bulanan'!AB21),0) -> 59.877144 | N82: ='Data Bulanan'!AD21 -> 12.035435 | O82: =IFERROR(N82*SQRT(H82),0) -> 39.917023 | P82: =IFERROR(ROUND(1.65*O82,0),0) -> 66 | Q82: =IFERROR(ROUND(M82*H82+P82,0),0) -> 725 | R82: =G82-Q82 -> -725 | S82: =IF(G82=0,"Stockout ⚠",IF(G82<Q82,"Reorder 🔄",IF(G82>Q82+L82,"Overstock 📦","Aman ✅"))) -> Stockout ⚠ | T82: =IFERROR(N82/AVERAGE(M82:M86),0) -> 0.21506379 | U82: -341.51 | V82: 0.0472
A83: 2 | B83: 2022 | C83: Lokal | D83: BB016 | E83: Cocamidopropyl Betaine | F83: kg | G83: 0 | H83: 11 | I83: =IFERROR(ROUND('Data Bulanan'!BC21,0),0) -> 22694 | J83: 1067386 | K83: 212972 | L83: =IFERROR(ROUND(SQRT(2*I83*J83/K83),0),0) -> 477 | M83: =IFERROR(AVERAGE('Data Bulanan'!AF21,'Data Bulanan'!AH21,'Data Bulanan'!AJ21,'Data Bulanan'!AL21,'Data Bulanan'!AN21,'Data Bulanan'!AP21,'Data Bulanan'!AR21,'Data Bulanan'!AT21,'Data Bulanan'!AV21,'Data Bulanan'!AX21,'Data Bulanan'!AZ21,'Data Bulanan'!BB21),0) -> 60.453149 | N83: ='Data Bulanan'!BD21 -> 8.1504783 | O83: =IFERROR(N83*SQRT(H83),0) -> 27.032078 | P83: =IFERROR(ROUND(1.65*O83,0),0) -> 45 | Q83: =IFERROR(ROUND(M83*H83+P83,0),0) -> 710 | R83: =G83-Q83 -> -710 | S83: =IF(G83=0,"Stockout ⚠",IF(G83<Q83,"Reorder 🔄",IF(G83>Q83+L83,"Overstock 📦","Aman ✅"))) -> Stockout ⚠ | T83: =IFERROR(N83/AVERAGE(M82:M86),0) -> 0.14564265 | U83: -341.51 | V83: 0.0472
A84: 3 | B84: 2023 | C84: Lokal | D84: BB016 | E84: Cocamidopropyl Betaine | F84: kg | G84: 0 | H84: 11 | I84: =IFERROR(ROUND('Data Bulanan'!CC21,0),0) -> 18764 | J84: 1101242 | K84: 223976 | L84: =IFERROR(ROUND(SQRT(2*I84*J84/K84),0),0) -> 430 | M84: =IFERROR(AVERAGE('Data Bulanan'!BF21,'Data Bulanan'!BH21,'Data Bulanan'!BJ21,'Data Bulanan'!BL21,'Data Bulanan'!BN21,'Data Bulanan'!BP21,'Data Bulanan'!BR21,'Data Bulanan'!BT21,'Data Bulanan'!BV21,'Data Bulanan'!BX21,'Data Bulanan'!BZ21,'Data Bulanan'!CB21),0) -> 49.884159 | N84: ='Data Bulanan'!CD21 -> 10.819247 | O84: =IFERROR(N84*SQRT(H84),0) -> 35.883384 | P84: =IFERROR(ROUND(1.65*O84,0),0) -> 59 | Q84: =IFERROR(ROUND(M84*H84+P84,0),0) -> 608 | R84: =G84-Q84 -> -608 | S84: =IF(G84=0,"Stockout ⚠",IF(G84<Q84,"Reorder 🔄",IF(G84>Q84+L84,"Overstock 📦","Aman ✅"))) -> Stockout ⚠ | T84: =IFERROR(N84/AVERAGE(M82:M86),0) -> 0.19333146 | U84: -341.51 | V84: 0.0472
A85: 4 | B85: 2024 | C85: Lokal | D85: BB016 | E85: Cocamidopropyl Betaine | F85: kg | G85: 0 | H85: 11 | I85: =IFERROR(ROUND('Data Bulanan'!DC21,0),0) -> 17927 | J85: 1088919 | K85: 198965 | L85: =IFERROR(ROUND(SQRT(2*I85*J85/K85),0),0) -> 443 | M85: =IFERROR(AVERAGE('Data Bulanan'!CF21,'Data Bulanan'!CH21,'Data Bulanan'!CJ21,'Data Bulanan'!CL21,'Data Bulanan'!CN21,'Data Bulanan'!CP21,'Data Bulanan'!CR21,'Data Bulanan'!CT21,'Data Bulanan'!CV21,'Data Bulanan'!CX21,'Data Bulanan'!CZ21,'Data Bulanan'!DB21),0) -> 47.748432 | N85: ='Data Bulanan'!DD21 -> 11.553204 | O85: =IFERROR(N85*SQRT(H85),0) -> 38.317642 | P85: =IFERROR(ROUND(1.65*O85,0),0) -> 63 | Q85: =IFERROR(ROUND(M85*H85+P85,0),0) -> 588 | R85: =G85-Q85 -> -588 | S85: =IF(G85=0,"Stockout ⚠",IF(G85<Q85,"Reorder 🔄",IF(G85>Q85+L85,"Overstock 📦","Aman ✅"))) -> Stockout ⚠ | T85: =IFERROR(N85/AVERAGE(M82:M86),0) -> 0.20644669 | U85: -341.51 | V85: 0.0472
A86: 5 | B86: 2025 | C86: Lokal | D86: BB016 | E86: Cocamidopropyl Betaine | F86: kg | G86: 0 | H86: 11 | I86: =IFERROR(ROUND('Data Bulanan'!EC21,0),0) -> 23232 | J86: 1105929 | K86: 200578 | L86: =IFERROR(ROUND(SQRT(2*I86*J86/K86),0),0) -> 506 | M86: =IFERROR(AVERAGE('Data Bulanan'!DF21,'Data Bulanan'!DH21,'Data Bulanan'!DJ21,'Data Bulanan'!DL21,'Data Bulanan'!DN21,'Data Bulanan'!DP21,'Data Bulanan'!DR21,'Data Bulanan'!DT21,'Data Bulanan'!DV21,'Data Bulanan'!DX21,'Data Bulanan'!DZ21,'Data Bulanan'!EB21),0) -> 61.847945 | N86: ='Data Bulanan'!ED21 -> 12.913514 | O86: =IFERROR(N86*SQRT(H86),0) -> 42.829281 | P86: =IFERROR(ROUND(1.65*O86,0),0) -> 71 | Q86: =IFERROR(ROUND(M86*H86+P86,0),0) -> 751 | R86: =G86-Q86 -> -751 | S86: =IF(G86=0,"Stockout ⚠",IF(G86<Q86,"Reorder 🔄",IF(G86>Q86+L86,"Overstock 📦","Aman ✅"))) -> Stockout ⚠ | T86: =IFERROR(N86/AVERAGE(M82:M86),0) -> 0.23075437 | U86: -341.51 | V86: 0.0472
A87: 1 | B87: 2021 | C87: Lokal | D87: BB017 | E87: Disodium EDTA | F87: kg | G87: 1006 | H87: 5 | I87: =IFERROR(ROUND('Data Bulanan'!AC22,0),0) -> 8944 | J87: 1478942 | K87: 126725 | L87: =IFERROR(ROUND(SQRT(2*I87*J87/K87),0),0) -> 457 | M87: =IFERROR(AVERAGE('Data Bulanan'!F22,'Data Bulanan'!H22,'Data Bulanan'!J22,'Data Bulanan'!L22,'Data Bulanan'!N22,'Data Bulanan'!P22,'Data Bulanan'!R22,'Data Bulanan'!T22,'Data Bulanan'!V22,'Data Bulanan'!X22,'Data Bulanan'!Z22,'Data Bulanan'!AB22),0) -> 23.795341 | N87: ='Data Bulanan'!AD22 -> 6.7305583 | O87: =IFERROR(N87*SQRT(H87),0) -> 15.049986 | P87: =IFERROR(ROUND(1.65*O87,0),0) -> 25 | Q87: =IFERROR(ROUND(M87*H87+P87,0),0) -> 144 | R87: =G87-Q87 -> 862 | S87: =IF(G87=0,"Stockout ⚠",IF(G87<Q87,"Reorder 🔄",IF(G87>Q87+L87,"Overstock 📦","Aman ✅"))) -> Overstock 📦 | T87: =IFERROR(N87/AVERAGE(M87:M91),0) -> 0.30772336 | U87: -146.81 | V87: 0.1257
A88: 2 | B88: 2022 | C88: Lokal | D88: BB017 | E88: Disodium EDTA | F88: kg | G88: 724 | H88: 5 | I88: =IFERROR(ROUND('Data Bulanan'!BC22,0),0) -> 7473 | J88: 1422228 | K88: 111696 | L88: =IFERROR(ROUND(SQRT(2*I88*J88/K88),0),0) -> 436 | M88: =IFERROR(AVERAGE('Data Bulanan'!AF22,'Data Bulanan'!AH22,'Data Bulanan'!AJ22,'Data Bulanan'!AL22,'Data Bulanan'!AN22,'Data Bulanan'!AP22,'Data Bulanan'!AR22,'Data Bulanan'!AT22,'Data Bulanan'!AV22,'Data Bulanan'!AX22,'Data Bulanan'!AZ22,'Data Bulanan'!BB22),0) -> 19.93012 | N88: ='Data Bulanan'!BD22 -> 5.4292532 | O88: =IFERROR(N88*SQRT(H88),0) -> 12.140179 | P88: =IFERROR(ROUND(1.65*O88,0),0) -> 20 | Q88: =IFERROR(ROUND(M88*H88+P88,0),0) -> 120 | R88: =G88-Q88 -> 604 | S88: =IF(G88=0,"Stockout ⚠",IF(G88<Q88,"Reorder 🔄",IF(G88>Q88+L88,"Overstock 📦","Aman ✅"))) -> Overstock 📦 | T88: =IFERROR(N88/AVERAGE(M87:M91),0) -> 0.24822726 | U88: -146.81 | V88: 0.1257
A89: 3 | B89: 2023 | C89: Lokal | D89: BB017 | E89: Disodium EDTA | F89: kg | G89: 1173 | H89: 5 | I89: =IFERROR(ROUND('Data Bulanan'!CC22,0),0) -> 8850 | J89: 1474013 | K89: 123695 | L89: =IFERROR(ROUND(SQRT(2*I89*J89/K89),0),0) -> 459 | M89: =IFERROR(AVERAGE('Data Bulanan'!BF22,'Data Bulanan'!BH22,'Data Bulanan'!BJ22,'Data Bulanan'!BL22,'Data Bulanan'!BN22,'Data Bulanan'!BP22,'Data Bulanan'!BR22,'Data Bulanan'!BT22,'Data Bulanan'!BV22,'Data Bulanan'!BX22,'Data Bulanan'!BZ22,'Data Bulanan'!CB22),0) -> 23.570622 | N89: ='Data Bulanan'!CD22 -> 6.0471973 | O89: =IFERROR(N89*SQRT(H89),0) -> 13.521944 | P89: =IFERROR(ROUND(1.65*O89,0),0) -> 22 | Q89: =IFERROR(ROUND(M89*H89+P89,0),0) -> 140 | R89: =G89-Q89 -> 1033 | S89: =IF(G89=0,"Stockout ⚠",IF(G89<Q89,"Reorder 🔄",IF(G89>Q89+L89,"Overstock 📦","Aman ✅"))) -> Overstock 📦 | T89: =IFERROR(N89/AVERAGE(M87:M91),0) -> 0.27647987 | U89: -146.81 | V89: 0.1257
A90: 4 | B90: 2024 | C90: Lokal | D90: BB017 | E90: Disodium EDTA | F90: kg | G90: 364 | H90: 5 | I90: =IFERROR(ROUND('Data Bulanan'!DC22,0),0) -> 7759 | J90: 1424689 | K90: 126253 | L90: =IFERROR(ROUND(SQRT(2*I90*J90/K90),0),0) -> 418 | M90: =IFERROR(AVERAGE('Data Bulanan'!CF22,'Data Bulanan'!CH22,'Data Bulanan'!CJ22,'Data Bulanan'!CL22,'Data Bulanan'!CN22,'Data Bulanan'!CP22,'Data Bulanan'!CR22,'Data Bulanan'!CT22,'Data Bulanan'!CV22,'Data Bulanan'!CX22,'Data Bulanan'!CZ22,'Data Bulanan'!DB22),0) -> 20.632648 | N90: ='Data Bulanan'!DD22 -> 5.0539986 | O90: =IFERROR(N90*SQRT(H90),0) -> 11.301084 | P90: =IFERROR(ROUND(1.65*O90,0),0) -> 19 | Q90: =IFERROR(ROUND(M90*H90+P90,0),0) -> 122 | R90: =G90-Q90 -> 242 | S90: =IF(G90=0,"Stockout ⚠",IF(G90<Q90,"Reorder 🔄",IF(G90>Q90+L90,"Overstock 📦","Aman ✅"))) -> Aman ✅ | T90: =IFERROR(N90/AVERAGE(M87:M91),0) -> 0.2310705 | U90: -146.81 | V90: 0.1257
A91: 5 | B91: 2025 | C91: Lokal | D91: BB017 | E91: Disodium EDTA | F91: kg | G91: 262 | H91: 5 | I91: =IFERROR(ROUND('Data Bulanan'!EC22,0),0) -> 8067 | J91: 1507558 | K91: 118589 | L91: =IFERROR(ROUND(SQRT(2*I91*J91/K91),0),0) -> 453 | M91: =IFERROR(AVERAGE('Data Bulanan'!DF22,'Data Bulanan'!DH22,'Data Bulanan'!DJ22,'Data Bulanan'!DL22,'Data Bulanan'!DN22,'Data Bulanan'!DP22,'Data Bulanan'!DR22,'Data Bulanan'!DT22,'Data Bulanan'!DV22,'Data Bulanan'!DX22,'Data Bulanan'!DZ22,'Data Bulanan'!EB22),0) -> 21.431804 | N91: ='Data Bulanan'!ED22 -> 4.9169467 | O91: =IFERROR(N91*SQRT(H91),0) -> 10.994627 | P91: =IFERROR(ROUND(1.65*O91,0),0) -> 18 | Q91: =IFERROR(ROUND(M91*H91+P91,0),0) -> 125 | R91: =G91-Q91 -> 137 | S91: =IF(G91=0,"Stockout ⚠",IF(G91<Q91,"Reorder 🔄",IF(G91>Q91+L91,"Overstock 📦","Aman ✅"))) -> Aman ✅ | T91: =IFERROR(N91/AVERAGE(M87:M91),0) -> 0.22480444 | U91: -146.81 | V91: 0.1257
A92: 1 | B92: 2021 | C92: Lokal | D92: BB018 | E92: Cetearyl Alcohol | F92: kg | G92: 15295 | H92: 41 | I92: =IFERROR(ROUND('Data Bulanan'!AC23,0),0) -> 27609 | J92: 6643698 | K92: 190968 | L92: =IFERROR(ROUND(SQRT(2*I92*J92/K92),0),0) -> 1386 | M92: =IFERROR(AVERAGE('Data Bulanan'!F23,'Data Bulanan'!H23,'Data Bulanan'!J23,'Data Bulanan'!L23,'Data Bulanan'!N23,'Data Bulanan'!P23,'Data Bulanan'!R23,'Data Bulanan'!T23,'Data Bulanan'!V23,'Data Bulanan'!X23,'Data Bulanan'!Z23,'Data Bulanan'!AB23),0) -> 73.413095 | N92: ='Data Bulanan'!AD23 -> 21.445949 | O92: =IFERROR(N92*SQRT(H92),0) -> 137.32108 | P92: =IFERROR(ROUND(1.65*O92,0),0) -> 227 | Q92: =IFERROR(ROUND(M92*H92+P92,0),0) -> 3237 | R92: =G92-Q92 -> 12058 | S92: =IF(G92=0,"Stockout ⚠",IF(G92<Q92,"Reorder 🔄",IF(G92>Q92+L92,"Overstock 📦","Aman ✅"))) -> Overstock 📦 | T92: =IFERROR(N92/AVERAGE(M92:M96),0) -> 0.2482642 | U92: 2123.07 | V92: 0.6939
A93: 2 | B93: 2022 | C93: Lokal | D93: BB018 | E93: Cetearyl Alcohol | F93: kg | G93: 15231 | H93: 41 | I93: =IFERROR(ROUND('Data Bulanan'!BC23,0),0) -> 33015 | J93: 5948418 | K93: 196330 | L93: =IFERROR(ROUND(SQRT(2*I93*J93/K93),0),0) -> 1414 | M93: =IFERROR(AVERAGE('Data Bulanan'!AF23,'Data Bulanan'!AH23,'Data Bulanan'!AJ23,'Data Bulanan'!AL23,'Data Bulanan'!AN23,'Data Bulanan'!AP23,'Data Bulanan'!AR23,'Data Bulanan'!AT23,'Data Bulanan'!AV23,'Data Bulanan'!AX23,'Data Bulanan'!AZ23,'Data Bulanan'!BB23),0) -> 87.852509 | N93: ='Data Bulanan'!BD23 -> 22.893116 | O93: =IFERROR(N93*SQRT(H93),0) -> 146.58746 | P93: =IFERROR(ROUND(1.65*O93,0),0) -> 242 | Q93: =IFERROR(ROUND(M93*H93+P93,0),0) -> 3844 | R93: =G93-Q93 -> 11387 | S93: =IF(G93=0,"Stockout ⚠",IF(G93<Q93,"Reorder 🔄",IF(G93>Q93+L93,"Overstock 📦","Aman ✅"))) -> Overstock 📦 | T93: =IFERROR(N93/AVERAGE(M92:M96),0) -> 0.26501699 | U93: 2123.07 | V93: 0.6939
A94: 3 | B94: 2023 | C94: Lokal | D94: BB018 | E94: Cetearyl Alcohol | F94: kg | G94: 9111 | H94: 41 | I94: =IFERROR(ROUND('Data Bulanan'!CC23,0),0) -> 29138 | J94: 6081567 | K94: 196895 | L94: =IFERROR(ROUND(SQRT(2*I94*J94/K94),0),0) -> 1342 | M94: =IFERROR(AVERAGE('Data Bulanan'!BF23,'Data Bulanan'!BH23,'Data Bulanan'!BJ23,'Data Bulanan'!BL23,'Data Bulanan'!BN23,'Data Bulanan'!BP23,'Data Bulanan'!BR23,'Data Bulanan'!BT23,'Data Bulanan'!BV23,'Data Bulanan'!BX23,'Data Bulanan'!BZ23,'Data Bulanan'!CB23),0) -> 77.437903 | N94: ='Data Bulanan'!CD23 -> 19.860518 | O94: =IFERROR(N94*SQRT(H94),0) -> 127.16936 | P94: =IFERROR(ROUND(1.65*O94,0),0) -> 210 | Q94: =IFERROR(ROUND(M94*H94+P94,0),0) -> 3385 | R94: =G94-Q94 -> 5726 | S94: =IF(G94=0,"Stockout ⚠",IF(G94<Q94,"Reorder 🔄",IF(G94>Q94+L94,"Overstock 📦","Aman ✅"))) -> Overstock 📦 | T94: =IFERROR(N94/AVERAGE(M92:M96),0) -> 0.2299108 | U94: 2123.07 | V94: 0.6939
A95: 4 | B95: 2024 | C95: Lokal | D95: BB018 | E95: Cetearyl Alcohol | F95: kg | G95: 0 | H95: 41 | I95: =IFERROR(ROUND('Data Bulanan'!DC23,0),0) -> 35712 | J95: 6651332 | K95: 200655 | L95: =IFERROR(ROUND(SQRT(2*I95*J95/K95),0),0) -> 1539 | M95: =IFERROR(AVERAGE('Data Bulanan'!CF23,'Data Bulanan'!CH23,'Data Bulanan'!CJ23,'Data Bulanan'!CL23,'Data Bulanan'!CN23,'Data Bulanan'!CP23,'Data Bulanan'!CR23,'Data Bulanan'!CT23,'Data Bulanan'!CV23,'Data Bulanan'!CX23,'Data Bulanan'!CZ23,'Data Bulanan'!DB23),0) -> 94.948784 | N95: ='Data Bulanan'!DD23 -> 20.932377 | O95: =IFERROR(N95*SQRT(H95),0) -> 134.03261 | P95: =IFERROR(ROUND(1.65*O95,0),0) -> 221 | Q95: =IFERROR(ROUND(M95*H95+P95,0),0) -> 4114 | R95: =G95-Q95 -> -4114 | S95: =IF(G95=0,"Stockout ⚠",IF(G95<Q95,"Reorder 🔄",IF(G95>Q95+L95,"Overstock 📦","Aman ✅"))) -> Stockout ⚠ | T95: =IFERROR(N95/AVERAGE(M92:M96),0) -> 0.24231895 | U95: 2123.07 | V95: 0.6939
A96: 5 | B96: 2025 | C96: Lokal | D96: BB018 | E96: Cetearyl Alcohol | F96: kg | G96: 0 | H96: 41 | I96: =IFERROR(ROUND('Data Bulanan'!EC23,0),0) -> 36875 | J96: 6751256 | K96: 218903 | L96: =IFERROR(ROUND(SQRT(2*I96*J96/K96),0),0) -> 1508 | M96: =IFERROR(AVERAGE('Data Bulanan'!DF23,'Data Bulanan'!DH23,'Data Bulanan'!DJ23,'Data Bulanan'!DL23,'Data Bulanan'!DN23,'Data Bulanan'!DP23,'Data Bulanan'!DR23,'Data Bulanan'!DT23,'Data Bulanan'!DV23,'Data Bulanan'!DX23,'Data Bulanan'!DZ23,'Data Bulanan'!EB23),0) -> 98.265591 | N96: ='Data Bulanan'!ED23 -> 21.212428 | O96: =IFERROR(N96*SQRT(H96),0) -> 135.82581 | P96: =IFERROR(ROUND(1.65*O96,0),0) -> 224 | Q96: =IFERROR(ROUND(M96*H96+P96,0),0) -> 4253 | R96: =G96-Q96 -> -4253 | S96: =IF(G96=0,"Stockout ⚠",IF(G96<Q96,"Reorder 🔄",IF(G96>Q96+L96,"Overstock 📦","Aman ✅"))) -> Stockout ⚠ | T96: =IFERROR(N96/AVERAGE(M92:M96),0) -> 0.24556089 | U96: 2123.07 | V96: 0.6939
A97: 1 | B97: 2021 | C97: Impor | D97: BB019 | E97: Polysorbate 20 | F97: kg | G97: 88 | H97: 7 | I97: =IFERROR(ROUND('Data Bulanan'!AC24,0),0) -> 4485 | J97: 1719414 | K97: 450759 | L97: =IFERROR(ROUND(SQRT(2*I97*J97/K97),0),0) -> 185 | M97: =IFERROR(AVERAGE('Data Bulanan'!F24,'Data Bulanan'!H24,'Data Bulanan'!J24,'Data Bulanan'!L24,'Data Bulanan'!N24,'Data Bulanan'!P24,'Data Bulanan'!R24,'Data Bulanan'!T24,'Data Bulanan'!V24,'Data Bulanan'!X24,'Data Bulanan'!Z24,'Data Bulanan'!AB24),0) -> 11.922587 | N97: ='Data Bulanan'!AD24 -> 2.5533264 | O97: =IFERROR(N97*SQRT(H97),0) -> 6.7554666 | P97: =IFERROR(ROUND(1.65*O97,0),0) -> 11 | Q97: =IFERROR(ROUND(M97*H97+P97,0),0) -> 94 | R97: =G97-Q97 -> -6 | S97: =IF(G97=0,"Stockout ⚠",IF(G97<Q97,"Reorder 🔄",IF(G97>Q97+L97,"Overstock 📦","Aman ✅"))) -> Reorder 🔄 | T97: =IFERROR(N97/AVERAGE(M97:M101),0) -> 0.20942018 | U97: 55.74 | V97: 0.1792
A98: 2 | B98: 2022 | C98: Impor | D98: BB019 | E98: Polysorbate 20 | F98: kg | G98: 145 | H98: 7 | I98: =IFERROR(ROUND('Data Bulanan'!BC24,0),0) -> 4703 | J98: 1758036 | K98: 454991 | L98: =IFERROR(ROUND(SQRT(2*I98*J98/K98),0),0) -> 191 | M98: =IFERROR(AVERAGE('Data Bulanan'!AF24,'Data Bulanan'!AH24,'Data Bulanan'!AJ24,'Data Bulanan'!AL24,'Data Bulanan'!AN24,'Data Bulanan'!AP24,'Data Bulanan'!AR24,'Data Bulanan'!AT24,'Data Bulanan'!AV24,'Data Bulanan'!AX24,'Data Bulanan'!AZ24,'Data Bulanan'!BB24),0) -> 12.490227 | N98: ='Data Bulanan'!BD24 -> 2.6546209 | O98: =IFERROR(N98*SQRT(H98),0) -> 7.0234667 | P98: =IFERROR(ROUND(1.65*O98,0),0) -> 12 | Q98: =IFERROR(ROUND(M98*H98+P98,0),0) -> 99 | R98: =G98-Q98 -> 46 | S98: =IF(G98=0,"Stockout ⚠",IF(G98<Q98,"Reorder 🔄",IF(G98>Q98+L98,"Overstock 📦","Aman ✅"))) -> Aman ✅ | T98: =IFERROR(N98/AVERAGE(M97:M101),0) -> 0.21772822 | U98: 55.74 | V98: 0.1792
A99: 3 | B99: 2023 | C99: Impor | D99: BB019 | E99: Polysorbate 20 | F99: kg | G99: 162 | H99: 7 | I99: =IFERROR(ROUND('Data Bulanan'!CC24,0),0) -> 4387 | J99: 1632465 | K99: 479632 | L99: =IFERROR(ROUND(SQRT(2*I99*J99/K99),0),0) -> 173 | M99: =IFERROR(AVERAGE('Data Bulanan'!BF24,'Data Bulanan'!BH24,'Data Bulanan'!BJ24,'Data Bulanan'!BL24,'Data Bulanan'!BN24,'Data Bulanan'!BP24,'Data Bulanan'!BR24,'Data Bulanan'!BT24,'Data Bulanan'!BV24,'Data Bulanan'!BX24,'Data Bulanan'!BZ24,'Data Bulanan'!CB24),0) -> 11.698835 | N99: ='Data Bulanan'!CD24 -> 2.6562308 | O99: =IFERROR(N99*SQRT(H99),0) -> 7.0277261 | P99: =IFERROR(ROUND(1.65*O99,0),0) -> 12 | Q99: =IFERROR(ROUND(M99*H99+P99,0),0) -> 94 | R99: =G99-Q99 -> 68 | S99: =IF(G99=0,"Stockout ⚠",IF(G99<Q99,"Reorder 🔄",IF(G99>Q99+L99,"Overstock 📦","Aman ✅"))) -> Aman ✅ | T99: =IFERROR(N99/AVERAGE(M97:M101),0) -> 0.21786026 | U99: 55.74 | V99: 0.1792
A100: 4 | B100: 2024 | C100: Impor | D100: BB019 | E100: Polysorbate 20 | F100: kg | G100: 0 | H100: 7 | I100: =IFERROR(ROUND('Data Bulanan'!DC24,0),0) -> 4452 | J100: 1829425 | K100: 489460 | L100: =IFERROR(ROUND(SQRT(2*I100*J100/K100),0),0) -> 182 | M100: =IFERROR(AVERAGE('Data Bulanan'!CF24,'Data Bulanan'!CH24,'Data Bulanan'!CJ24,'Data Bulanan'!CL24,'Data Bulanan'!CN24,'Data Bulanan'!CP24,'Data Bulanan'!CR24,'Data Bulanan'!CT24,'Data Bulanan'!CV24,'Data Bulanan'!CX24,'Data Bulanan'!CZ24,'Data Bulanan'!DB24),0) -> 11.870917 | N100: ='Data Bulanan'!DD24 -> 2.3272761 | O100: =IFERROR(N100*SQRT(H100),0) -> 6.1573939 | P100: =IFERROR(ROUND(1.65*O100,0),0) -> 10 | Q100: =IFERROR(ROUND(M100*H100+P100,0),0) -> 93 | R100: =G100-Q100 -> -93 | S100: =IF(G100=0,"Stockout ⚠",IF(G100<Q100,"Reorder 🔄",IF(G100>Q100+L100,"Overstock 📦","Aman ✅"))) -> Stockout ⚠ | T100: =IFERROR(N100/AVERAGE(M97:M101),0) -> 0.19087987 | U100: 55.74 | V100: 0.1792
...

Sheet Evaluasi TIC
A1: EVALUASI TOTAL INVENTORY COST (TIC) — PT. JJ Top Cosmindo Sidoarjo
A2: TIC = (D/Q)×S + (Q/2)×H + SS×H | Service Level 95% (Z=1.65) | Metode Lama: Q=D÷12, S & H observasi (lebih tinggi) | Metode EOQ: Q optimal dari Data Historis 5 Tahun
A3: TIC minimum → Q paling efisien | EOQ optimal: d(TIC)/dQ=0 → Biaya Pesan = Biaya Simpan
A5: IDENTITAS | F5: PARAMETER DASAR (dari Data EOQ-ROP) | J5: ① METODE LAMA vs EOQ BARU | O5: ② Q KECIL vs OPTIMAL vs BESAR | V5: KESIMPULAN & REKOMENDASI
A7: No | B7: Kode | C7: Nama Bahan Baku | D7: Kategori | E7: Satuan | F7: D_avg (unit/thn) | G7: S_obs Biaya Pesan (Rp/order) [Metode Lama] | H7: H_obs Biaya Simpan (Rp/unit/thn) [Metode Lama] | I7: SS_obs (SL95%) 1.65×σ_d×√LT [Metode Lama] | J7: Q_obs (D÷12) Order Bulanan [Metode Lama] | K7: TIC Metode Lama (D/Q_obs)×S_obs +(Q_obs/2)×H_obs+SS_obs×H_obs | L7: S_eoq Biaya Pesan (Rp/order) [Metode EOQ] | M7: H_eoq Biaya Simpan (Rp/unit/thn) [Metode EOQ] | N7: SS_eoq (SL95%) 1.65×σ_d×√LT [Metode EOQ] | O7: Q_eoq = √(2DS/H) [Metode EOQ] | P7: TIC Metode EOQ (D/Q_eoq)×S_eoq +(Q_eoq/2)×H_eoq+SS_eoq×H_eoq | Q7: Δ TIC (Hemat Rp/thn) | R7: Q Kecil (50% EOQ) | S7: B.Pesan Q Kecil (D/Q×S_eoq) | T7: B.Simpan Q Kecil ((Q/2+SS_eoq)×H_eoq) | U7: TIC Q Kecil (Rp/thn) | V7: Q Besar (150% EOQ) | W7: B.Pesan Q Besar (D/Q×S_eoq) | X7: TIC Q Besar (Rp/thn) | Y7: TIC Minimum (MIN semua TIC) | Z7: Q Optimal Rekomendasi | AA7: Hemat (%)
A8: 1 | B8: BB001 | C8: Phenoxyethanol | D8: Lokal | E8: kg | F8: =IFERROR(ROUND(AVERAGE('Data Historis 5 Tahun'!I7:I11),0),0) -> 37171 | G8: =IFERROR(ROUND(AVERAGE('Data Historis 5 Tahun'!J7:J11)*1.1959,0),0) -> 2587273 | H8: =IFERROR(ROUND(AVERAGE('Data Historis 5 Tahun'!K7:K11)*1.0533,0),0) -> 88716 | I8: =IFERROR(ROUND(1.65*AVERAGE('Data Historis 5 Tahun'!N7:N11)*SQRT(AVERAGE('Data Historis 5 Tahun'!H7:H11)),0),0) -> 94 | J8: =IFERROR(MAX(1,ROUND(F8/12,0)),1) -> 3098 | K8: =IFERROR(ROUND((F8/J8)*G8+(J8/2)*H8+I8*H8,0),0) -> 176803488 | L8: =IFERROR(ROUND(AVERAGE('Data Historis 5 Tahun'!J7:J11),0),0) -> 2163453 | M8: =IFERROR(ROUND(AVERAGE('Data Historis 5 Tahun'!K7:K11),0),0) -> 84227 | N8: =IFERROR(ROUND(1.65*AVERAGE('Data Historis 5 Tahun'!N7:N11)*SQRT(AVERAGE('Data Historis 5 Tahun'!H7:H11)),0),0) -> 94 | O8: =IFERROR(ROUND(SQRT(2*F8*L8/M8),0),0) -> 1382 | P8: =IFERROR(ROUND((F8/O8)*L8+(O8/2)*M8+N8*M8,0),0) -> 124307567 | Q8: =K8-P8 -> 52495921 | R8: =IFERROR(MAX(1,ROUND(O8*0.5,0)),1) -> 691 | S8: =IFERROR(ROUND((F8/R8)*L8,0),0) -> 116378743 | T8: =IFERROR(ROUND((R8/2)*M8+N8*M8,0),0) -> 37017767 | U8: =S8+T8 -> 153396510 | V8: =IFERROR(ROUND(O8*1.5,0),1) -> 2073 | W8: =IFERROR(ROUND((F8/V8)*L8,0),0) -> 38792914 | X8: =IFERROR(ROUND((F8/V8)*L8+(V8/2)*M8+N8*M8,0),0) -> 134011538 | Y8: =MIN(K8,P8,U8,X8) -> 124307567 | Z8: =IF(Y8=P8,"✅ EOQ (optimal)",IF(Y8=K8,"Q Obs Lama",IF(Y8=U8,"Q Kecil","Q Besar"))) -> ✅ EOQ (optimal) | AA8: =IFERROR(Q8/K8,0) -> 0.29691677
A9: 2 | B9: BB002 | C9: Glycerin | D9: Lokal | E9: kg | F9: =IFERROR(ROUND(AVERAGE('Data Historis 5 Tahun'!I12:I16),0),0) -> 40357 | G9: =IFERROR(ROUND(AVERAGE('Data Historis 5 Tahun'!J12:J16)*1.1413,0),0) -> 12113434 | H9: =IFERROR(ROUND(AVERAGE('Data Historis 5 Tahun'!K12:K16)*1.079,0),0) -> 122276 | I9: =IFERROR(ROUND(1.65*AVERAGE('Data Historis 5 Tahun'!N12:N16)*SQRT(AVERAGE('Data Historis 5 Tahun'!H12:H16)),0),0) -> 265 | J9: =IFERROR(MAX(1,ROUND(F9/12,0)),1) -> 3363 | K9: =IFERROR(ROUND((F9/J9)*G9+(J9/2)*H9+I9*H9,0),0) -> 383375044 | L9: =IFERROR(ROUND(AVERAGE('Data Historis 5 Tahun'!J12:J16),0),0) -> 10613716 | M9: =IFERROR(ROUND(AVERAGE('Data Historis 5 Tahun'!K12:K16),0),0) -> 113324 | N9: =IFERROR(ROUND(1.65*AVERAGE('Data Historis 5 Tahun'!N12:N16)*SQRT(AVERAGE('Data Historis 5 Tahun'!H12:H16)),0),0) -> 265 | O9: =IFERROR(ROUND(SQRT(2*F9*L9/M9),0),0) -> 2749 | P9: =IFERROR(ROUND((F9/O9)*L9+(O9/2)*M9+N9*M9,0),0) -> 341610535 | Q9: =K9-P9 -> 41764509 | R9: =IFERROR(MAX(1,ROUND(O9*0.5,0)),1) -> 1375 | S9: =IFERROR(ROUND((F9/R9)*L9,0),0) -> 311518354 | T9: =IFERROR(ROUND((R9/2)*M9+N9*M9,0),0) -> 107941110 | U9: =S9+T9 -> 419459464 | V9: =IFERROR(ROUND(O9*1.5,0),1) -> 4124 | W9: =IFERROR(ROUND((F9/V9)*L9,0),0) -> 103864631 | X9: =IFERROR(ROUND((F9/V9)*L9+(V9/2)*M9+N9*M9,0),0) -> 367569579 | Y9: =MIN(K9,P9,U9,X9) -> 341610535 | Z9: =IF(Y9=P9,"✅ EOQ (optimal)",IF(Y9=K9,"Q Obs Lama",IF(Y9=U9,"Q Kecil","Q Besar"))) -> ✅ EOQ (optimal) | AA9: =IFERROR(Q9/K9,0) -> 0.10893904
A10: 3 | B10: BB003 | C10: Cetyl Alcohol | D10: Lokal | E10: kg | F10: =IFERROR(ROUND(AVERAGE('Data Historis 5 Tahun'!I17:I21),0),0) -> 30640 | G10: =IFERROR(ROUND(AVERAGE('Data Historis 5 Tahun'!J17:J21)*1.2105,0),0) -> 886363 | H10: =IFERROR(ROUND(AVERAGE('Data Historis 5 Tahun'!K17:K21)*1.138,0),0) -> 478808 | I10: =IFERROR(ROUND(1.65*AVERAGE('Data Historis 5 Tahun'!N17:N21)*SQRT(AVERAGE('Data Historis 5 Tahun'!H17:H21)),0),0) -> 100 | J10: =IFERROR(MAX(1,ROUND(F10/12,0)),1) -> 2553 | K10: =IFERROR(ROUND((F10/J10)*G10+(J10/2)*H10+I10*H10,0),0) -> 669716957 | L10: =IFERROR(ROUND(AVERAGE('Data Historis 5 Tahun'!J17:J21),0),0) -> 732229 | M10: =IFERROR(ROUND(AVERAGE('Data Historis 5 Tahun'!K17:K21),0),0) -> 420745 | N10: =IFERROR(ROUND(1.65*AVERAGE('Data Historis 5 Tahun'!N17:N21)*SQRT(AVERAGE('Data Historis 5 Tahun'!H17:H21)),0),0) -> 100 | O10: =IFERROR(ROUND(SQRT(2*F10*L10/M10),0),0) -> 327 | P10: =IFERROR(ROUND((F10/O10)*L10+(O10/2)*M10+N10*M10,0),0) -> 179476389 | Q10: =K10-P10 -> 490240568 | R10: =IFERROR(MAX(1,ROUND(O10*0.5,0)),1) -> 164 | S10: =IFERROR(ROUND((F10/R10)*L10,0),0) -> 136801808 | T10: =IFERROR(ROUND((R10/2)*M10+N10*M10,0),0) -> 76575590 | U10: =S10+T10 -> 213377398 | V10: =IFERROR(ROUND(O10*1.5,0),1) -> 491 | W10: =IFERROR(ROUND((F10/V10)*L10,0),0) -> 45693476 | X10: =IFERROR(ROUND((F10/V10)*L10+(V10/2)*M10+N10*M10,0),0) -> 191060873 | Y10: =MIN(K10,P10,U10,X10) -> 179476389 | Z10: =IF(Y10=P10,"✅ EOQ (optimal)",IF(Y10=K10,"Q Obs Lama",IF(Y10=U10,"Q Kecil","Q Besar"))) -> ✅ EOQ (optimal) | AA10: =IFERROR(Q10/K10,0) -> 0.73201158
A11: 4 | B11: BB004 | C11: Stearic Acid | D11: Lokal | E11: kg | F11: =IFERROR(ROUND(AVERAGE('Data Historis 5 Tahun'!I22:I26),0),0) -> 37132 | G11: =IFERROR(ROUND(AVERAGE('Data Historis 5 Tahun'!J22:J26)*1.2338,0),0) -> 2800294 | H11: =IFERROR(ROUND(AVERAGE('Data Historis 5 Tahun'!K22:K26)*1.0613,0),0) -> 171664 | I11: =IFERROR(ROUND(1.65*AVERAGE('Data Historis 5 Tahun'!N22:N26)*SQRT(AVERAGE('Data Historis 5 Tahun'!H22:H26)),0),0) -> 106 | J11: =IFERROR(MAX(1,ROUND(F11/12,0)),1) -> 3094 | K11: =IFERROR(ROUND((F11/J11)*G11+(J11/2)*H11+I11*H11,0),0) -> 317367740 | L11: =IFERROR(ROUND(AVERAGE('Data Historis 5 Tahun'!J22:J26),0),0) -> 2269650 | M11: =IFERROR(ROUND(AVERAGE('Data Historis 5 Tahun'!K22:K26),0),0) -> 161749 | N11: =IFERROR(ROUND(1.65*AVERAGE('Data Historis 5 Tahun'!N22:N26)*SQRT(AVERAGE('Data Historis 5 Tahun'!H22:H26)),0),0) -> 106 | O11: =IFERROR(ROUND(SQRT(2*F11*L11/M11),0),0) -> 1021 | P11: =IFERROR(ROUND((F11/O11)*L11+(O11/2)*M11+N11*M11,0),0) -> 182261494 | Q11: =K11-P11 -> 135106246 | R11: =IFERROR(MAX(1,ROUND(O11*0.5,0)),1) -> 511 | S11: =IFERROR(ROUND((F11/R11)*L11,0),0) -> 164924939 | T11: =IFERROR(ROUND((R11/2)*M11+N11*M11,0),0) -> 58472264 | U11: =S11+T11 -> 223397203 | V11: =IFERROR(ROUND(O11*1.5,0),1) -> 1532 | W11: =IFERROR(ROUND((F11/V11)*L11,0),0) -> 55010864 | X11: =IFERROR(ROUND((F11/V11)*L11+(V11/2)*M11+N11*M11,0),0) -> 196055992 | Y11: =MIN(K11,P11,U11,X11) -> 182261494 | Z11: =IF(Y11=P11,"✅ EOQ (optimal)",IF(Y11=K11,"Q Obs Lama",IF(Y11=U11,"Q Kecil","Q Besar"))) -> ✅ EOQ (optimal) | AA11: =IFERROR(Q11/K11,0) -> 0.42570882
A12: 5 | B12: BB005 | C12: Titanium Dioxide | D12: Lokal | E12: kg | F12: =IFERROR(ROUND(AVERAGE('Data Historis 5 Tahun'!I27:I31),0),0) -> 14367 | G12: =IFERROR(ROUND(AVERAGE('Data Historis 5 Tahun'!J27:J31)*1.1633,0),0) -> 1617871 | H12: =IFERROR(ROUND(AVERAGE('Data Historis 5 Tahun'!K27:K31)*1.0539,0),0) -> 205944 | I12: =IFERROR(ROUND(1.65*AVERAGE('Data Historis 5 Tahun'!N27:N31)*SQRT(AVERAGE('Data Historis 5 Tahun'!H27:H31)),0),0) -> 52 | J12: =IFERROR(MAX(1,ROUND(F12/12,0)),1) -> 1197 | K12: =IFERROR(ROUND((F12/J12)*G12+(J12/2)*H12+I12*H12,0),0) -> 153385079 | L12: =IFERROR(ROUND(AVERAGE('Data Historis 5 Tahun'!J27:J31),0),0) -> 1390760 | M12: =IFERROR(ROUND(AVERAGE('Data Historis 5 Tahun'!K27:K31),0),0) -> 195411 | N12: =IFERROR(ROUND(1.65*AVERAGE('Data Historis 5 Tahun'!N27:N31)*SQRT(AVERAGE('Data Historis 5 Tahun'!H27:H31)),0),0) -> 52 | O12: =IFERROR(ROUND(SQRT(2*F12*L12/M12),0),0) -> 452 | P12: =IFERROR(ROUND((F12/O12)*L12+(O12/2)*M12+N12*M12,0),0) -> 98530118 | Q12: =K12-P12 -> 54854961 | R12: =IFERROR(MAX(1,ROUND(O12*0.5,0)),1) -> 226 | S12: =IFERROR(ROUND((F12/R12)*L12,0),0) -> 88411721 | T12: =IFERROR(ROUND((R12/2)*M12+N12*M12,0),0) -> 32242815 | U12: =S12+T12 -> 120654536 | V12: =IFERROR(ROUND(O12*1.5,0),1) -> 678 | W12: =IFERROR(ROUND((F12/V12)*L12,0),0) -> 29470574 | X12: =IFERROR(ROUND((F12/V12)*L12+(V12/2)*M12+N12*M12,0),0) -> 105876275 | Y12: =MIN(K12,P12,U12,X12) -> 98530118 | Z12: =IF(Y12=P12,"✅ EOQ (optimal)",IF(Y12=K12,"Q Obs Lama",IF(Y12=U12,"Q Kecil","Q Besar"))) -> ✅ EOQ (optimal) | AA12: =IFERROR(Q12/K12,0) -> 0.35762906
A13: 6 | B13: BB006 | C13: Sodium Lauryl Sulfate | D13: Lokal | E13: kg | F13: =IFERROR(ROUND(AVERAGE('Data Historis 5 Tahun'!I32:I36),0),0) -> 6094 | G13: =IFERROR(ROUND(AVERAGE('Data Historis 5 Tahun'!J32:J36)*1.1328,0),0) -> 2201945 | H13: =IFERROR(ROUND(AVERAGE('Data Historis 5 Tahun'!K32:K36)*1.1157,0),0) -> 337003 | I13: =IFERROR(ROUND(1.65*AVERAGE('Data Historis 5 Tahun'!N32:N36)*SQRT(AVERAGE('Data Historis 5 Tahun'!H32:H36)),0),0) -> 21 | J13: =IFERROR(MAX(1,ROUND(F13/12,0)),1) -> 508 | K13: =IFERROR(ROUND((F13/J13)*G13+(J13/2)*H13+I13*H13,0),0) -> 119090496 | L13: =IFERROR(ROUND(AVERAGE('Data Historis 5 Tahun'!J32:J36),0),0) -> 1943808 | M13: =IFERROR(ROUND(AVERAGE('Data Historis 5 Tahun'!K32:K36),0),0) -> 302055 | N13: =IFERROR(ROUND(1.65*AVERAGE('Data Historis 5 Tahun'!N32:N36)*SQRT(AVERAGE('Data Historis 5 Tahun'!H32:H36)),0),0) -> 21 | O13: =IFERROR(ROUND(SQRT(2*F13*L13/M13),0),0) -> 280 | P13: =IFERROR(ROUND((F13/O13)*L13+(O13/2)*M13+N13*M13,0),0) -> 90936448 | Q13: =K13-P13 -> 28154048 | R13: =IFERROR(MAX(1,ROUND(O13*0.5,0)),1) -> 140 | S13: =IFERROR(ROUND((F13/R13)*L13,0),0) -> 84611185 | T13: =IFERROR(ROUND((R13/2)*M13+N13*M13,0),0) -> 27487005 | U13: =S13+T13 -> 112098190 | V13: =IFERROR(ROUND(O13*1.5,0),1) -> 420 | W13: =IFERROR(ROUND((F13/V13)*L13,0),0) -> 28203728 | X13: =IFERROR(ROUND((F13/V13)*L13+(V13/2)*M13+N13*M13,0),0) -> 97978433 | Y13: =MIN(K13,P13,U13,X13) -> 90936448 | Z13: =IF(Y13=P13,"✅ EOQ (optimal)",IF(Y13=K13,"Q Obs Lama",IF(Y13=U13,"Q Kecil","Q Besar"))) -> ✅ EOQ (optimal) | AA13: =IFERROR(Q13/K13,0) -> 0.23640886
A14: 7 | B14: BB007 | C14: Propylene Glycol | D14: Lokal | E14: kg | F14: =IFERROR(ROUND(AVERAGE('Data Historis 5 Tahun'!I37:I41),0),0) -> 19196 | G14: =IFERROR(ROUND(AVERAGE('Data Historis 5 Tahun'!J37:J41)*1.104,0),0) -> 8468832 | H14: =IFERROR(ROUND(AVERAGE('Data Historis 5 Tahun'!K37:K41)*1.0758,0),0) -> 246213 | I14: =IFERROR(ROUND(1.65*AVERAGE('Data Historis 5 Tahun'!N37:N41)*SQRT(AVERAGE('Data Historis 5 Tahun'!H37:H41)),0),0) -> 112 | J14: =IFERROR(MAX(1,ROUND(F14/12,0)),1) -> 1600 | K14: =IFERROR(ROUND((F14/J14)*G14+(J14/2)*H14+I14*H14,0),0) -> 326151068 | L14: =IFERROR(ROUND(AVERAGE('Data Historis 5 Tahun'!J37:J41),0),0) -> 7671043 | M14: =IFERROR(ROUND(AVERAGE('Data Historis 5 Tahun'!K37:K41),0),0) -> 228865 | N14: =IFERROR(ROUND(1.65*AVERAGE('Data Historis 5 Tahun'!N37:N41)*SQRT(AVERAGE('Data Historis 5 Tahun'!H37:H41)),0),0) -> 112 | O14: =IFERROR(ROUND(SQRT(2*F14*L14/M14),0),0) -> 1134 | P14: =IFERROR(ROUND((F14/O14)*L14+(O14/2)*M14+N14*M14,0),0) -> 285252370 | Q14: =K14-P14 -> 40898698 | R14: =IFERROR(MAX(1,ROUND(O14*0.5,0)),1) -> 567 | S14: =IFERROR(ROUND((F14/R14)*L14,0),0) -> 259706070 | T14: =IFERROR(ROUND((R14/2)*M14+N14*M14,0),0) -> 90516108 | U14: =S14+T14 -> 350222178 | V14: =IFERROR(ROUND(O14*1.5,0),1) -> 1701 | W14: =IFERROR(ROUND((F14/V14)*L14,0),0) -> 86568690 | X14: =IFERROR(ROUND((F14/V14)*L14+(V14/2)*M14+N14*M14,0),0) -> 306851252 | Y14: =MIN(K14,P14,U14,X14) -> 285252370 | Z14: =IF(Y14=P14,"✅ EOQ (optimal)",IF(Y14=K14,"Q Obs Lama",IF(Y14=U14,"Q Kecil","Q Besar"))) -> ✅ EOQ (optimal) | AA14: =IFERROR(Q14/K14,0) -> 0.12539802
A15: 8 | B15: BB008 | C15: Carbomer 940 | D15: Lokal | E15: kg | F15: =IFERROR(ROUND(AVERAGE('Data Historis 5 Tahun'!I42:I46),0),0) -> 46897 | G15: =IFERROR(ROUND(AVERAGE('Data Historis 5 Tahun'!J42:J46)*1.1975,0),0) -> 940647 | H15: =IFERROR(ROUND(AVERAGE('Data Historis 5 Tahun'!K42:K46)*1.1208,0),0) -> 158818 | I15: =IFERROR(ROUND(1.65*AVERAGE('Data Historis 5 Tahun'!N42:N46)*SQRT(AVERAGE('Data Historis 5 Tahun'!H42:H46)),0),0) -> 118 | J15: =IFERROR(MAX(1,ROUND(F15/12,0)),1) -> 3908 | K15: =IFERROR(ROUND((F15/J15)*G15+(J15/2)*H15+I15*H15,0),0) -> 340358901 | L15: =IFERROR(ROUND(AVERAGE('Data Historis 5 Tahun'!J42:J46),0),0) -> 785509 | M15: =IFERROR(ROUND(AVERAGE('Data Historis 5 Tahun'!K42:K46),0),0) -> 141701 | N15: =IFERROR(ROUND(1.65*AVERAGE('Data Historis 5 Tahun'!N42:N46)*SQRT(AVERAGE('Data Historis 5 Tahun'!H42:H46)),0),0) -> 118 | O15: =IFERROR(ROUND(SQRT(2*F15*L15/M15),0),0) -> 721 | P15: =IFERROR(ROUND((F15/O15)*L15+(O15/2)*M15+N15*M15,0),0) -> 118896877 | Q15: =K15-P15 -> 221462024 | R15: =IFERROR(MAX(1,ROUND(O15*0.5,0)),1) -> 361 | S15: =IFERROR(ROUND((F15/R15)*L15,0),0) -> 102044364 | T15: =IFERROR(ROUND((R15/2)*M15+N15*M15,0),0) -> 42297749 | U15: =S15+T15 -> 144342113 | V15: =IFERROR(ROUND(O15*1.5,0),1) -> 1082 | W15: =IFERROR(ROUND((F15/V15)*L15,0),0) -> 34046225 | X15: =IFERROR(ROUND((F15/V15)*L15+(V15/2)*M15+N15*M15,0),0) -> 127427184 | Y15: =MIN(K15,P15,U15,X15) -> 118896877 | Z15: =IF(Y15=P15,"✅ EOQ (optimal)",IF(Y15=K15,"Q Obs Lama",IF(Y15=U15,"Q Kecil","Q Besar"))) -> ✅ EOQ (optimal) | AA15: =IFERROR(Q15/K15,0) -> 0.65067205
A16: 9 | B16: BB009 | C16: Kaolin Clay | D16: Lokal | E16: kg | F16: =IFERROR(ROUND(AVERAGE('Data Historis 5 Tahun'!I47:I51),0),0) -> 44345 | G16: =IFERROR(ROUND(AVERAGE('Data Historis 5 Tahun'!J47:J51)*1.1331,0),0) -> 683309 | H16: =IFERROR(ROUND(AVERAGE('Data Historis 5 Tahun'!K47:K51)*1.1266,0),0) -> 430452 | I16: =IFERROR(ROUND(1.65*AVERAGE('Data Historis 5 Tahun'!N47:N51)*SQRT(AVERAGE('Data Historis 5 Tahun'!H47:H51)),0),0) -> 113 | J16: =IFERROR(MAX(1,ROUND(F16/12,0)),1) -> 3695 | K16: =IFERROR(ROUND((F16/J16)*G16+(J16/2)*H16+I16*H16,0),0) -> 852101779 | L16: =IFERROR(ROUND(AVERAGE('Data Historis 5 Tahun'!J47:J51),0),0) -> 603044 | M16: =IFERROR(ROUND(AVERAGE('Data Historis 5 Tahun'!K47:K51),0),0) -> 382081 | N16: =IFERROR(ROUND(1.65*AVERAGE('Data Historis 5 Tahun'!N47:N51)*SQRT(AVERAGE('Data Historis 5 Tahun'!H47:H51)),0),0) -> 113 | O16: =IFERROR(ROUND(SQRT(2*F16*L16/M16),0),0) -> 374 | P16: =IFERROR(ROUND((F16/O16)*L16+(O16/2)*M16+N16*M16,0),0) -> 186126937 | Q16: =K16-P16 -> 665974842 | R16: =IFERROR(MAX(1,ROUND(O16*0.5,0)),1) -> 187 | S16: =IFERROR(ROUND((F16/R16)*L16,0),0) -> 143005274 | T16: =IFERROR(ROUND((R16/2)*M16+N16*M16,0),0) -> 78899727 | U16: =S16+T16 -> 221905001 | V16: =IFERROR(ROUND(O16*1.5,0),1) -> 561 | W16: =IFERROR(ROUND((F16/V16)*L16,0),0) -> 47668425 | X16: =IFERROR(ROUND((F16/V16)*L16+(V16/2)*M16+N16*M16,0),0) -> 198017298 | Y16: =MIN(K16,P16,U16,X16) -> 186126937 | Z16: =IF(Y16=P16,"✅ EOQ (optimal)",IF(Y16=K16,"Q Obs Lama",IF(Y16=U16,"Q Kecil","Q Besar"))) -> ✅ EOQ (optimal) | AA16: =IFERROR(Q16/K16,0) -> 0.78156725
A17: 10 | B17: BB010 | C17: Talc Powder | D17: Lokal | E17: kg | F17: =IFERROR(ROUND(AVERAGE('Data Historis 5 Tahun'!I52:I56),0),0) -> 36117 | G17: =IFERROR(ROUND(AVERAGE('Data Historis 5 Tahun'!J52:J56)*1.2214,0),0) -> 473944 | H17: =IFERROR(ROUND(AVERAGE('Data Historis 5 Tahun'!K52:K56)*1.0508,0),0) -> 485706 | I17: =IFERROR(ROUND(1.65*AVERAGE('Data Historis 5 Tahun'!N52:N56)*SQRT(AVERAGE('Data Historis 5 Tahun'!H52:H56)),0),0) -> 120 | J17: =IFERROR(MAX(1,ROUND(F17/12,0)),1) -> 3010 | K17: =IFERROR(ROUND((F17/J17)*G17+(J17/2)*H17+I17*H17,0),0) -> 794959106 | L17: =IFERROR(ROUND(AVERAGE('Data Historis 5 Tahun'!J52:J56),0),0) -> 388033 | M17: =IFERROR(ROUND(AVERAGE('Data Historis 5 Tahun'!K52:K56),0),0) -> 462225 | N17: =IFERROR(ROUND(1.65*AVERAGE('Data Historis 5 Tahun'!N52:N56)*SQRT(AVERAGE('Data Historis 5 Tahun'!H52:H56)),0),0) -> 120 | O17: =IFERROR(ROUND(SQRT(2*F17*L17/M17),0),0) -> 246 | P17: =IFERROR(ROUND((F17/O17)*L17+(O17/2)*M17+N17*M17,0),0) -> 169290544 | Q17: =K17-P17 -> 625668562 | R17: =IFERROR(MAX(1,ROUND(O17*0.5,0)),1) -> 123 | S17: =IFERROR(ROUND((F17/R17)*L17,0),0) -> 113939739 | T17: =IFERROR(ROUND((R17/2)*M17+N17*M17,0),0) -> 83893838 | U17: =S17+T17 -> 197833577 | V17: =IFERROR(ROUND(O17*1.5,0),1) -> 369 | W17: =IFERROR(ROUND((F17/V17)*L17,0),0) -> 37979913 | X17: =IFERROR(ROUND((F17/V17)*L17+(V17/2)*M17+N17*M17,0),0) -> 178727425 | Y17: =MIN(K17,P17,U17,X17) -> 169290544 | Z17: =IF(Y17=P17,"✅ EOQ (optimal)",IF(Y17=K17,"Q Obs Lama",IF(Y17=U17,"Q Kecil","Q Besar"))) -> ✅ EOQ (optimal) | AA17: =IFERROR(Q17/K17,0) -> 0.78704497
A18: 11 | B18: BB011 | C18: Aqua DM | D18: Lokal | E18: L | F18: =IFERROR(ROUND(AVERAGE('Data Historis 5 Tahun'!I57:I61),0),0) -> 9226 | G18: =IFERROR(ROUND(AVERAGE('Data Historis 5 Tahun'!J57:J61)*1.2209,0),0) -> 10190899 | H18: =IFERROR(ROUND(AVERAGE('Data Historis 5 Tahun'!K57:K61)*1.1408,0),0) -> 538738 | I18: =IFERROR(ROUND(1.65*AVERAGE('Data Historis 5 Tahun'!N57:N61)*SQRT(AVERAGE('Data Historis 5 Tahun'!H57:H61)),0),0) -> 59 | J18: =IFERROR(MAX(1,ROUND(F18/12,0)),1) -> 769 | K18: =IFERROR(ROUND((F18/J18)*G18+(J18/2)*H18+I18*H18,0),0) -> 361194587 | L18: =IFERROR(ROUND(AVERAGE('Data Historis 5 Tahun'!J57:J61),0),0) -> 8347038 | M18: =IFERROR(ROUND(AVERAGE('Data Historis 5 Tahun'!K57:K61),0),0) -> 472246 | N18: =IFERROR(ROUND(1.65*AVERAGE('Data Historis 5 Tahun'!N57:N61)*SQRT(AVERAGE('Data Historis 5 Tahun'!H57:H61)),0),0) -> 59 | O18: =IFERROR(ROUND(SQRT(2*F18*L18/M18),0),0) -> 571 | P18: =IFERROR(ROUND((F18/O18)*L18+(O18/2)*M18+N18*M18,0),0) -> 297557000 | Q18: =K18-P18 -> 63637587 | R18: =IFERROR(MAX(1,ROUND(O18*0.5,0)),1) -> 286 | S18: =IFERROR(ROUND((F18/R18)*L18,0),0) -> 269264939 | T18: =IFERROR(ROUND((R18/2)*M18+N18*M18,0),0) -> 95393692 | U18: =S18+T18 -> 364658631 | V18: =IFERROR(ROUND(O18*1.5,0),1) -> 857 | W18: =IFERROR(ROUND((F18/V18)*L18,0),0) -> 89859711 | X18: =IFERROR(ROUND((F18/V18)*L18+(V18/2)*M18+N18*M18,0),0) -> 320079636 | Y18: =MIN(K18,P18,U18,X18) -> 297557000 | Z18: =IF(Y18=P18,"✅ EOQ (optimal)",IF(Y18=K18,"Q Obs Lama",IF(Y18=U18,"Q Kecil","Q Besar"))) -> ✅ EOQ (optimal) | AA18: =IFERROR(Q18/K18,0) -> 0.17618644
A19: 12 | B19: BB012 | C19: Zinc Oxide | D19: Lokal | E19: kg | F19: =IFERROR(ROUND(AVERAGE('Data Historis 5 Tahun'!I62:I66),0),0) -> 11260 | G19: =IFERROR(ROUND(AVERAGE('Data Historis 5 Tahun'!J62:J66)*1.151,0),0) -> 11631566 | H19: =IFERROR(ROUND(AVERAGE('Data Historis 5 Tahun'!K62:K66)*1.0702,0),0) -> 292354 | I19: =IFERROR(ROUND(1.65*AVERAGE('Data Historis 5 Tahun'!N62:N66)*SQRT(AVERAGE('Data Historis 5 Tahun'!H62:H66)),0),0) -> 61 | J19: =IFERROR(MAX(1,ROUND(F19/12,0)),1) -> 938 | K19: =IFERROR(ROUND((F19/J19)*G19+(J19/2)*H19+I19*H19,0),0) -> 294576014 | L19: =IFERROR(ROUND(AVERAGE('Data Historis 5 Tahun'!J62:J66),0),0) -> 10105618 | M19: =IFERROR(ROUND(AVERAGE('Data Historis 5 Tahun'!K62:K66),0),0) -> 273177 | N19: =IFERROR(ROUND(1.65*AVERAGE('Data Historis 5 Tahun'!N62:N66)*SQRT(AVERAGE('Data Historis 5 Tahun'!H62:H66)),0),0) -> 61 | O19: =IFERROR(ROUND(SQRT(2*F19*L19/M19),0),0) -> 913 | P19: =IFERROR(ROUND((F19/O19)*L19+(O19/2)*M19+N19*M19,0),0) -> 266001363 | Q19: =K19-P19 -> 28574651 | R19: =IFERROR(MAX(1,ROUND(O19*0.5,0)),1) -> 457 | S19: =IFERROR(ROUND((F19/R19)*L19,0),0) -> 248991813 | T19: =IFERROR(ROUND((R19/2)*M19+N19*M19,0),0) -> 79084742 | U19: =S19+T19 -> 328076555 | V19: =IFERROR(ROUND(O19*1.5,0),1) -> 1370 | W19: =IFERROR(ROUND((F19/V19)*L19,0),0) -> 83057853 | X19: =IFERROR(ROUND((F19/V19)*L19+(V19/2)*M19+N19*M19,0),0) -> 286847895 | Y19: =MIN(K19,P19,U19,X19) -> 266001363 | Z19: =IF(Y19=P19,"✅ EOQ (optimal)",IF(Y19=K19,"Q Obs Lama",IF(Y19=U19,"Q Kecil","Q Besar"))) -> ✅ EOQ (optimal) | AA19: =IFERROR(Q19/K19,0) -> 0.09700264
A20: 13 | B20: BB013 | C20: Niacinamide | D20: Impor | E20: kg | F20: =IFERROR(ROUND(AVERAGE('Data Historis 5 Tahun'!I67:I71),0),0) -> 46649 | G20: =IFERROR(ROUND(AVERAGE('Data Historis 5 Tahun'!J67:J71)*1.2436,0),0) -> 6958349 | H20: =IFERROR(ROUND(AVERAGE('Data Historis 5 Tahun'!K67:K71)*1.0938,0),0) -> 363547 | I20: =IFERROR(ROUND(1.65*AVERAGE('Data Historis 5 Tahun'!N67:N71)*SQRT(AVERAGE('Data Historis 5 Tahun'!H67:H71)),0),0) -> 267 | J20: =IFERROR(MAX(1,ROUND(F20/12,0)),1) -> 3887 | K20: =IFERROR(ROUND((F20/J20)*G20+(J20/2)*H20+I20*H20,0),0) -> 887129782 | L20: =IFERROR(ROUND(AVERAGE('Data Historis 5 Tahun'!J67:J71),0),0) -> 5595327 | M20: =IFERROR(ROUND(AVERAGE('Data Historis 5 Tahun'!K67:K71),0),0) -> 332370 | N20: =IFERROR(ROUND(1.65*AVERAGE('Data Historis 5 Tahun'!N67:N71)*SQRT(AVERAGE('Data Historis 5 Tahun'!H67:H71)),0),0) -> 267 | O20: =IFERROR(ROUND(SQRT(2*F20*L20/M20),0),0) -> 1253 | P20: =IFERROR(ROUND((F20/O20)*L20+(O20/2)*M20+N20*M20,0),0) -> 505285771 | Q20: =K20-P20 -> 381844011 | R20: =IFERROR(MAX(1,ROUND(O20*0.5,0)),1) -> 627 | S20: =IFERROR(ROUND((F20/R20)*L20,0),0) -> 416294114 | T20: =IFERROR(ROUND((R20/2)*M20+N20*M20,0),0) -> 192940785 | U20: =S20+T20 -> 609234899 | V20: =IFERROR(ROUND(O20*1.5,0),1) -> 1880 | W20: =IFERROR(ROUND((F20/V20)*L20,0),0) -> 138838516 | X20: =IFERROR(ROUND((F20/V20)*L20+(V20/2)*M20+N20*M20,0),0) -> 540009106 | Y20: =MIN(K20,P20,U20,X20) -> 505285771 | Z20: =IF(Y20=P20,"✅ EOQ (optimal)",IF(Y20=K20,"Q Obs Lama",IF(Y20=U20,"Q Kecil","Q Besar"))) -> ✅ EOQ (optimal) | AA20: =IFERROR(Q20/K20,0) -> 0.43042632
A21: 14 | B21: BB014 | C21: Allantoin | D21: Impor | E21: kg | F21: =IFERROR(ROUND(AVERAGE('Data Historis 5 Tahun'!I72:I76),0),0) -> 35283 | G21: =IFERROR(ROUND(AVERAGE('Data Historis 5 Tahun'!J72:J76)*1.1139,0),0) -> 7617844 | H21: =IFERROR(ROUND(AVERAGE('Data Historis 5 Tahun'!K72:K76)*1.0626,0),0) -> 475108 | I21: =IFERROR(ROUND(1.65*AVERAGE('Data Historis 5 Tahun'!N72:N76)*SQRT(AVERAGE('Data Historis 5 Tahun'!H72:H76)),0),0) -> 190 | J21: =IFERROR(MAX(1,ROUND(F21/12,0)),1) -> 2940 | K21: =IFERROR(ROUND((F21/J21)*G21+(J21/2)*H21+I21*H21,0),0) -> 880101181 | L21: =IFERROR(ROUND(AVERAGE('Data Historis 5 Tahun'!J72:J76),0),0) -> 6838894 | M21: =IFERROR(ROUND(AVERAGE('Data Historis 5 Tahun'!K72:K76),0),0) -> 447118 | N21: =IFERROR(ROUND(1.65*AVERAGE('Data Historis 5 Tahun'!N72:N76)*SQRT(AVERAGE('Data Historis 5 Tahun'!H72:H76)),0),0) -> 190 | O21: =IFERROR(ROUND(SQRT(2*F21*L21/M21),0),0) -> 1039 | P21: =IFERROR(ROUND((F21/O21)*L21+(O21/2)*M21+N21*M21,0),0) -> 549469583 | Q21: =K21-P21 -> 330631598 | R21: =IFERROR(MAX(1,ROUND(O21*0.5,0)),1) -> 520 | S21: =IFERROR(ROUND((F21/R21)*L21,0),0) -> 464032110 | T21: =IFERROR(ROUND((R21/2)*M21+N21*M21,0),0) -> 201203100 | U21: =S21+T21 -> 665235210 | V21: =IFERROR(ROUND(O21*1.5,0),1) -> 1559 | W21: =IFERROR(ROUND((F21/V21)*L21,0),0) -> 154776586 | X21: =IFERROR(ROUND((F21/V21)*L21+(V21/2)*M21+N21*M21,0),0) -> 588257487 | Y21: =MIN(K21,P21,U21,X21) -> 549469583 | Z21: =IF(Y21=P21,"✅ EOQ (optimal)",IF(Y21=K21,"Q Obs Lama",IF(Y21=U21,"Q Kecil","Q Besar"))) -> ✅ EOQ (optimal) | AA21: =IFERROR(Q21/K21,0) -> 0.37567453
A22: 15 | B22: BB015 | C22: Panthenol | D22: Impor | E22: kg | F22: =IFERROR(ROUND(AVERAGE('Data Historis 5 Tahun'!I77:I81),0),0) -> 38333 | G22: =IFERROR(ROUND(AVERAGE('Data Historis 5 Tahun'!J77:J81)*1.2271,0),0) -> 436373 | H22: =IFERROR(ROUND(AVERAGE('Data Historis 5 Tahun'!K77:K81)*1.1285,0),0) -> 530786 | I22: =IFERROR(ROUND(1.65*AVERAGE('Data Historis 5 Tahun'!N77:N81)*SQRT(AVERAGE('Data Historis 5 Tahun'!H77:H81)),0),0) -> 117 | J22: =IFERROR(MAX(1,ROUND(F22/12,0)),1) -> 3194 | K22: =IFERROR(ROUND((F22/J22)*G22+(J22/2)*H22+I22*H22,0),0) -> 915004363 | L22: =IFERROR(ROUND(AVERAGE('Data Historis 5 Tahun'!J77:J81),0),0) -> 355613 | M22: =IFERROR(ROUND(AVERAGE('Data Historis 5 Tahun'!K77:K81),0),0) -> 470347 | N22: =IFERROR(ROUND(1.65*AVERAGE('Data Historis 5 Tahun'!N77:N81)*SQRT(AVERAGE('Data Historis 5 Tahun'!H77:H81)),0),0) -> 117 | O22: =IFERROR(ROUND(SQRT(2*F22*L22/M22),0),0) -> 241 | P22: =IFERROR(ROUND((F22/O22)*L22+(O22/2)*M22+N22*M22,0),0) -> 168270538 | Q22: =K22-P22 -> 746733825 | R22: =IFERROR(MAX(1,ROUND(O22*0.5,0)),1) -> 121 | S22: =IFERROR(ROUND((F22/R22)*L22,0),0) -> 112658786 | T22: =IFERROR(ROUND((R22/2)*M22+N22*M22,0),0) -> 83486593 | U22: =S22+T22 -> 196145379 | V22: =IFERROR(ROUND(O22*1.5,0),1) -> 362 | W22: =IFERROR(ROUND((F22/V22)*L22,0),0) -> 37656666 | X22: =IFERROR(ROUND((F22/V22)*L22+(V22/2)*M22+N22*M22,0),0) -> 177820072 | Y22: =MIN(K22,P22,U22,X22) -> 168270538 | Z22: =IF(Y22=P22,"✅ EOQ (optimal)",IF(Y22=K22,"Q Obs Lama",IF(Y22=U22,"Q Kecil","Q Besar"))) -> ✅ EOQ (optimal) | AA22: =IFERROR(Q22/K22,0) -> 0.81609865
A23: 16 | B23: BB016 | C23: Cocamidopropyl Betaine | D23: Lokal | E23: kg | F23: =IFERROR(ROUND(AVERAGE('Data Historis 5 Tahun'!I82:I86),0),0) -> 21035 | G23: =IFERROR(ROUND(AVERAGE('Data Historis 5 Tahun'!J82:J86)*1.2211,0),0) -> 1359919 | H23: =IFERROR(ROUND(AVERAGE('Data Historis 5 Tahun'!K82:K86)*1.1449,0),0) -> 244843 | I23: =IFERROR(ROUND(1.65*AVERAGE('Data Historis 5 Tahun'!N82:N86)*SQRT(AVERAGE('Data Historis 5 Tahun'!H82:H86)),0),0) -> 61 | J23: =IFERROR(MAX(1,ROUND(F23/12,0)),1) -> 1753 | K23: =IFERROR(ROUND((F23/J23)*G23+(J23/2)*H23+I23*H23,0),0) -> 245858565 | L23: =IFERROR(ROUND(AVERAGE('Data Historis 5 Tahun'!J82:J86),0),0) -> 1113684 | M23: =IFERROR(ROUND(AVERAGE('Data Historis 5 Tahun'!K82:K86),0),0) -> 213855 | N23: =IFERROR(ROUND(1.65*AVERAGE('Data Historis 5 Tahun'!N82:N86)*SQRT(AVERAGE('Data Historis 5 Tahun'!H82:H86)),0),0) -> 61 | O23: =IFERROR(ROUND(SQRT(2*F23*L23/M23),0),0) -> 468 | P23: =IFERROR(ROUND((F23/O23)*L23+(O23/2)*M23+N23*M23,0),0) -> 113143513 | Q23: =K23-P23 -> 132715052 | R23: =IFERROR(MAX(1,ROUND(O23*0.5,0)),1) -> 234 | S23: =IFERROR(ROUND((F23/R23)*L23,0),0) -> 100112577 | T23: =IFERROR(ROUND((R23/2)*M23+N23*M23,0),0) -> 38066190 | U23: =S23+T23 -> 138178767 | V23: =IFERROR(ROUND(O23*1.5,0),1) -> 702 | W23: =IFERROR(ROUND((F23/V23)*L23,0),0) -> 33370859 | X23: =IFERROR(ROUND((F23/V23)*L23+(V23/2)*M23+N23*M23,0),0) -> 121479119 | Y23: =MIN(K23,P23,U23,X23) -> 113143513 | Z23: =IF(Y23=P23,"✅ EOQ (optimal)",IF(Y23=K23,"Q Obs Lama",IF(Y23=U23,"Q Kecil","Q Besar"))) -> ✅ EOQ (optimal) | AA23: =IFERROR(Q23/K23,0) -> 0.53980243
A24: 17 | B24: BB017 | C24: Disodium EDTA | D24: Lokal | E24: kg | F24: =IFERROR(ROUND(AVERAGE('Data Historis 5 Tahun'!I87:I91),0),0) -> 8219 | G24: =IFERROR(ROUND(AVERAGE('Data Historis 5 Tahun'!J87:J91)*1.1804,0),0) -> 1725138 | H24: =IFERROR(ROUND(AVERAGE('Data Historis 5 Tahun'!K87:K91)*1.1765,0),0) -> 142817 | I24: =IFERROR(ROUND(1.65*AVERAGE('Data Historis 5 Tahun'!N87:N91)*SQRT(AVERAGE('Data Historis 5 Tahun'!H87:H91)),0),0) -> 21 | J24: =IFERROR(MAX(1,ROUND(F24/12,0)),1) -> 685 | K24: =IFERROR(ROUND((F24/J24)*G24+(J24/2)*H24+I24*H24,0),0) -> 72613117 | L24: =IFERROR(ROUND(AVERAGE('Data Historis 5 Tahun'!J87:J91),0),0) -> 1461486 | M24: =IFERROR(ROUND(AVERAGE('Data Historis 5 Tahun'!K87:K91),0),0) -> 121392 | N24: =IFERROR(ROUND(1.65*AVERAGE('Data Historis 5 Tahun'!N87:N91)*SQRT(AVERAGE('Data Historis 5 Tahun'!H87:H91)),0),0) -> 21 | O24: =IFERROR(ROUND(SQRT(2*F24*L24/M24),0),0) -> 445 | P24: =IFERROR(ROUND((F24/O24)*L24+(O24/2)*M24+N24*M24,0),0) -> 56552106 | Q24: =K24-P24 -> 16061011 | R24: =IFERROR(MAX(1,ROUND(O24*0.5,0)),1) -> 223 | S24: =IFERROR(ROUND((F24/R24)*L24,0),0) -> 53865262 | T24: =IFERROR(ROUND((R24/2)*M24+N24*M24,0),0) -> 16084440 | U24: =S24+T24 -> 69949702 | V24: =IFERROR(ROUND(O24*1.5,0),1) -> 668 | W24: =IFERROR(ROUND((F24/V24)*L24,0),0) -> 17981966 | X24: =IFERROR(ROUND((F24/V24)*L24+(V24/2)*M24+N24*M24,0),0) -> 61076126 | Y24: =MIN(K24,P24,U24,X24) -> 56552106 | Z24: =IF(Y24=P24,"✅ EOQ (optimal)",IF(Y24=K24,"Q Obs Lama",IF(Y24=U24,"Q Kecil","Q Besar"))) -> ✅ EOQ (optimal) | AA24: =IFERROR(Q24/K24,0) -> 0.22118608
A25: 18 | B25: BB018 | C25: Cetearyl Alcohol | D25: Lokal | E25: kg | F25: =IFERROR(ROUND(AVERAGE('Data Historis 5 Tahun'!I92:I96),0),0) -> 32470 | G25: =IFERROR(ROUND(AVERAGE('Data Historis 5 Tahun'!J92:J96)*1.1568,0),0) -> 7421166 | H25: =IFERROR(ROUND(AVERAGE('Data Historis 5 Tahun'!K92:K96)*1.1218,0),0) -> 225202 | I25: =IFERROR(ROUND(1.65*AVERAGE('Data Historis 5 Tahun'!N92:N96)*SQRT(AVERAGE('Data Historis 5 Tahun'!H92:H96)),0),0) -> 225 | J25: =IFERROR(MAX(1,ROUND(F25/12,0)),1) -> 2706 | K25: =IFERROR(ROUND((F25/J25)*G25+(J25/2)*H25+I25*H25,0),0) -> 444417263 | L25: =IFERROR(ROUND(AVERAGE('Data Historis 5 Tahun'!J92:J96),0),0) -> 6415254 | M25: =IFERROR(ROUND(AVERAGE('Data Historis 5 Tahun'!K92:K96),0),0) -> 200750 | N25: =IFERROR(ROUND(1.65*AVERAGE('Data Historis 5 Tahun'!N92:N96)*SQRT(AVERAGE('Data Historis 5 Tahun'!H92:H96)),0),0) -> 225 | O25: =IFERROR(ROUND(SQRT(2*F25*L25/M25),0),0) -> 1441 | P25: =IFERROR(ROUND((F25/O25)*L25+(O25/2)*M25+N25*M25,0),0) -> 334363807 | Q25: =K25-P25 -> 110053456 | R25: =IFERROR(MAX(1,ROUND(O25*0.5,0)),1) -> 721 | S25: =IFERROR(ROUND((F25/R25)*L25,0),0) -> 288908873 | T25: =IFERROR(ROUND((R25/2)*M25+N25*M25,0),0) -> 117539125 | U25: =S25+T25 -> 406447998 | V25: =IFERROR(ROUND(O25*1.5,0),1) -> 2162 | W25: =IFERROR(ROUND((F25/V25)*L25,0),0) -> 96347501 | X25: =IFERROR(ROUND((F25/V25)*L25+(V25/2)*M25+N25*M25,0),0) -> 358527001 | Y25: =MIN(K25,P25,U25,X25) -> 334363807 | Z25: =IF(Y25=P25,"✅ EOQ (optimal)",IF(Y25=K25,"Q Obs Lama",IF(Y25=U25,"Q Kecil","Q Besar"))) -> ✅ EOQ (optimal) | AA25: =IFERROR(Q25/K25,0) -> 0.24763542
A26: 19 | B26: BB019 | C26: Polysorbate 20 | D26: Impor | E26: kg | F26: =IFERROR(ROUND(AVERAGE('Data Historis 5 Tahun'!I97:I101),0),0) -> 4583 | G26: =IFERROR(ROUND(AVERAGE('Data Historis 5 Tahun'!J97:J101)*1.2244,0),0) -> 2096164 | H26: =IFERROR(ROUND(AVERAGE('Data Historis 5 Tahun'!K97:K101)*1.1304,0),0) -> 538295 | I26: =IFERROR(ROUND(1.65*AVERAGE('Data Historis 5 Tahun'!N97:N101)*SQRT(AVERAGE('Data Historis 5 Tahun'!H97:H101)),0),0) -> 12 | J26: =IFERROR(MAX(1,ROUND(F26/12,0)),1) -> 382 | K26: =IFERROR(ROUND((F26/J26)*G26+(J26/2)*H26+I26*H26,0),0) -> 134422366 | L26: =IFERROR(ROUND(AVERAGE('Data Historis 5 Tahun'!J97:J101),0),0) -> 1711993 | M26: =IFERROR(ROUND(AVERAGE('Data Historis 5 Tahun'!K97:K101),0),0) -> 476199 | N26: =IFERROR(ROUND(1.65*AVERAGE('Data Historis 5 Tahun'!N97:N101)*SQRT(AVERAGE('Data Historis 5 Tahun'!H97:H101)),0),0) -> 12 | O26: =IFERROR(ROUND(SQRT(2*F26*L26/M26),0),0) -> 182 | P26: =IFERROR(ROUND((F26/O26)*L26+(O26/2)*M26+N26*M26,0),0) -> 92158738 | Q26: =K26-P26 -> 42263628 | R26: =IFERROR(MAX(1,ROUND(O26*0.5,0)),1) -> 91 | S26: =IFERROR(ROUND((F26/R26)*L26,0),0) -> 86220483 | T26: =IFERROR(ROUND((R26/2)*M26+N26*M26,0),0) -> 27381443 | U26: =S26+T26 -> 113601926 | V26: =IFERROR(ROUND(O26*1.5,0),1) -> 273 | W26: =IFERROR(ROUND((F26/V26)*L26,0),0) -> 28740161 | X26: =IFERROR(ROUND((F26/V26)*L26+(V26/2)*M26+N26*M26,0),0) -> 99455712 | Y26: =MIN(K26,P26,U26,X26) -> 92158738 | Z26: =IF(Y26=P26,"✅ EOQ (optimal)",IF(Y26=K26,"Q Obs Lama",IF(Y26=U26,"Q Kecil","Q Besar"))) -> ✅ EOQ (optimal) | AA26: =IFERROR(Q26/K26,0) -> 0.3144092
A27: 20 | B27: BB020 | C27: Polysorbate 80 | D27: Impor | E27: kg | F27: =IFERROR(ROUND(AVERAGE('Data Historis 5 Tahun'!I102:I106),0),0) -> 2222 | G27: =IFERROR(ROUND(AVERAGE('Data Historis 5 Tahun'!J102:J106)*1.2293,0),0) -> 2741712 | H27: =IFERROR(ROUND(AVERAGE('Data Historis 5 Tahun'!K102:K106)*1.1251,0),0) -> 288103 | I27: =IFERROR(ROUND(1.65*AVERAGE('Data Historis 5 Tahun'!N102:N106)*SQRT(AVERAGE('Data Historis 5 Tahun'!H102:H106)),0),0) -> 7 | J27: =IFERROR(MAX(1,ROUND(F27/12,0)),1) -> 185 | K27: =IFERROR(ROUND((F27/J27)*G27+(J27/2)*H27+I27*H27,0),0) -> 61596433 | L27: =IFERROR(ROUND(AVERAGE('Data Historis 5 Tahun'!J102:J106),0),0) -> 2230304 | M27: =IFERROR(ROUND(AVERAGE('Data Historis 5 Tahun'!K102:K106),0),0) -> 256069 | N27: =IFERROR(ROUND(1.65*AVERAGE('Data Historis 5 Tahun'!N102:N106)*SQRT(AVERAGE('Data Historis 5 Tahun'!H102:H106)),0),0) -> 7 | O27: =IFERROR(ROUND(SQRT(2*F27*L27/M27),0),0) -> 197 | P27: =IFERROR(ROUND((F27/O27)*L27+(O27/2)*M27+N27*M27,0),0) -> 52171297 | Q27: =K27-P27 -> 9425136 | R27: =IFERROR(MAX(1,ROUND(O27*0.5,0)),1) -> 99 | S27: =IFERROR(ROUND((F27/R27)*L27,0),0) -> 50057934 | T27: =IFERROR(ROUND((R27/2)*M27+N27*M27,0),0) -> 14467899 | U27: =S27+T27 -> 64525833 | V27: =IFERROR(ROUND(O27*1.5,0),1) -> 296 | W27: =IFERROR(ROUND((F27/V27)*L27,0),0) -> 16742350 | X27: =IFERROR(ROUND((F27/V27)*L27+(V27/2)*M27+N27*M27,0),0) -> 56433045 | Y27: =MIN(K27,P27,U27,X27) -> 52171297 | Z27: =IF(Y27=P27,"✅ EOQ (optimal)",IF(Y27=K27,"Q Obs Lama",IF(Y27=U27,"Q Kecil","Q Besar"))) -> ✅ EOQ (optimal) | AA27: =IFERROR(Q27/K27,0) -> 0.15301431
A28: 21 | B28: BB021 | C28: PEG-40 Hydrogenated Castor Oil | D28: Impor | E28: kg | F28: =IFERROR(ROUND(AVERAGE('Data Historis 5 Tahun'!I107:I111),0),0) -> 3911 | G28: =IFERROR(ROUND(AVERAGE('Data Historis 5 Tahun'!J107:J111)*1.2057,0),0) -> 12995964 | H28: =IFERROR(ROUND(AVERAGE('Data Historis 5 Tahun'!K107:K111)*1.056,0),0) -> 582711 | I28: =IFERROR(ROUND(1.65*AVERAGE('Data Historis 5 Tahun'!N107:N111)*SQRT(AVERAGE('Data Historis 5 Tahun'!H107:H111)),0),0) -> 18 | J28: =IFERROR(MAX(1,ROUND(F28/12,0)),1) -> 326 | K28: =IFERROR(ROUND((F28/J28)*G28+(J28/2)*H28+I28*H28,0),0) -> 261382394 | L28: =IFERROR(ROUND(AVERAGE('Data Historis 5 Tahun'!J107:J111),0),0) -> 10778771 | M28: =IFERROR(ROUND(AVERAGE('Data Historis 5 Tahun'!K107:K111),0),0) -> 551810 | N28: =IFERROR(ROUND(1.65*AVERAGE('Data Historis 5 Tahun'!N107:N111)*SQRT(AVERAGE('Data Historis 5 Tahun'!H107:H111)),0),0) -> 18 | O28: =IFERROR(ROUND(SQRT(2*F28*L28/M28),0),0) -> 391 | P28: =IFERROR(ROUND((F28/O28)*L28+(O28/2)*M28+N28*M28,0),0) -> 225626712 | Q28: =K28-P28 -> 35755682 | R28: =IFERROR(MAX(1,ROUND(O28*0.5,0)),1) -> 196 | S28: =IFERROR(ROUND((F28/R28)*L28,0),0) -> 215080476 | T28: =IFERROR(ROUND((R28/2)*M28+N28*M28,0),0) -> 64009960 | U28: =S28+T28 -> 279090436 | V28: =IFERROR(ROUND(O28*1.5,0),1) -> 587 | W28: =IFERROR(ROUND((F28/V28)*L28,0),0) -> 71815628 | X28: =IFERROR(ROUND((F28/V28)*L28+(V28/2)*M28+N28*M28,0),0) -> 243704443 | Y28: =MIN(K28,P28,U28,X28) -> 225626712 | Z28: =IF(Y28=P28,"✅ EOQ (optimal)",IF(Y28=K28,"Q Obs Lama",IF(Y28=U28,"Q Kecil","Q Besar"))) -> ✅ EOQ (optimal) | AA28: =IFERROR(Q28/K28,0) -> 0.13679453
A29: 22 | B29: BB022 | C29: Caprylic/Capric Triglyceride | D29: Impor | E29: kg | F29: =IFERROR(ROUND(AVERAGE('Data Historis 5 Tahun'!I112:I116),0),0) -> 13122 | G29: =IFERROR(ROUND(AVERAGE('Data Historis 5 Tahun'!J112:J116)*1.1342,0),0) -> 2718121 | H29: =IFERROR(ROUND(AVERAGE('Data Historis 5 Tahun'!K112:K116)*1.0876,0),0) -> 594990 | I29: =IFERROR(ROUND(1.65*AVERAGE('Data Historis 5 Tahun'!N112:N116)*SQRT(AVERAGE('Data Historis 5 Tahun'!H112:H116)),0),0) -> 33 | J29: =IFERROR(MAX(1,ROUND(F29/12,0)),1) -> 1094 | K29: =IFERROR(ROUND((F29/J29)*G29+(J29/2)*H29+I29*H29,0),0) -> 377696745 | L29: =IFERROR(ROUND(AVERAGE('Data Historis 5 Tahun'!J112:J116),0),0) -> 2396509 | M29: =IFERROR(ROUND(AVERAGE('Data Historis 5 Tahun'!K112:K116),0),0) -> 547067 | N29: =IFERROR(ROUND(1.65*AVERAGE('Data Historis 5 Tahun'!N112:N116)*SQRT(AVERAGE('Data Historis 5 Tahun'!H112:H116)),0),0) -> 33 | O29: =IFERROR(ROUND(SQRT(2*F29*L29/M29),0),0) -> 339 | P29: =IFERROR(ROUND((F29/O29)*L29+(O29/2)*M29+N29*M29,0),0) -> 203545053 | Q29: =K29-P29 -> 174151692 | R29: =IFERROR(MAX(1,ROUND(O29*0.5,0)),1) -> 170 | S29: =IFERROR(ROUND((F29/R29)*L29,0),0) -> 184982301 | T29: =IFERROR(ROUND((R29/2)*M29+N29*M29,0),0) -> 64553906 | U29: =S29+T29 -> 249536207 | V29: =IFERROR(ROUND(O29*1.5,0),1) -> 509 | W29: =IFERROR(ROUND((F29/V29)*L29,0),0) -> 61781908 | X29: =IFERROR(ROUND((F29/V29)*L29+(V29/2)*M29+N29*M29,0),0) -> 219063670 | Y29: =MIN(K29,P29,U29,X29) -> 203545053 | Z29: =IF(Y29=P29,"✅ EOQ (optimal)",IF(Y29=K29,"Q Obs Lama",IF(Y29=U29,"Q Kecil","Q Besar"))) -> ✅ EOQ (optimal) | AA29: =IFERROR(Q29/K29,0) -> 0.46108868
A30: 23 | B30: BB023 | C30: Isopropyl Myristate | D30: Impor | E30: kg | F30: =IFERROR(ROUND(AVERAGE('Data Historis 5 Tahun'!I117:I121),0),0) -> 49265 | G30: =IFERROR(ROUND(AVERAGE('Data Historis 5 Tahun'!J117:J121)*1.112,0),0) -> 558583 | H30: =IFERROR(ROUND(AVERAGE('Data Historis 5 Tahun'!K117:K121)*1.0803,0),0) -> 588190 | I30: =IFERROR(ROUND(1.65*AVERAGE('Data Historis 5 Tahun'!N117:N121)*SQRT(AVERAGE('Data Historis 5 Tahun'!H117:H121)),0),0) -> 152 | J30: =IFERROR(MAX(1,ROUND(F30/12,0)),1) -> 4105 | K30: =IFERROR(ROUND((F30/J30)*G30+(J30/2)*H30+I30*H30,0),0) -> 1303368531 | L30: =IFERROR(ROUND(AVERAGE('Data Historis 5 Tahun'!J117:J121),0),0) -> 502323 | M30: =IFERROR(ROUND(AVERAGE('Data Historis 5 Tahun'!K117:K121),0),0) -> 544469 | N30: =IFERROR(ROUND(1.65*AVERAGE('Data Historis 5 Tahun'!N117:N121)*SQRT(AVERAGE('Data Historis 5 Tahun'!H117:H121)),0),0) -> 152 | O30: =IFERROR(ROUND(SQRT(2*F30*L30/M30),0),0) -> 302 | P30: =IFERROR(ROUND((F30/O30)*L30+(O30/2)*M30+N30*M30,0),0) -> 246917626 | Q30: =K30-P30 -> 1056450905 | R30: =IFERROR(MAX(1,ROUND(O30*0.5,0)),1) -> 151 | S30: =IFERROR(ROUND((F30/R30)*L30,0),0) -> 163887037 | T30: =IFERROR(ROUND((R30/2)*M30+N30*M30,0),0) -> 123866698 | U30: =S30+T30 -> 287753735 | V30: =IFERROR(ROUND(O30*1.5,0),1) -> 453 | W30: =IFERROR(ROUND((F30/V30)*L30,0),0) -> 54629012 | X30: =IFERROR(ROUND((F30/V30)*L30+(V30/2)*M30+N30*M30,0),0) -> 260710529 | Y30: =MIN(K30,P30,U30,X30) -> 246917626 | Z30: =IF(Y30=P30,"✅ EOQ (optimal)",IF(Y30=K30,"Q Obs Lama",IF(Y30=U30,"Q Kecil","Q Besar"))) -> ✅ EOQ (optimal) | AA30: =IFERROR(Q30/K30,0) -> 0.81055425
A31: 24 | B31: BB024 | C31: Dimethicone 350 | D31: Impor | E31: kg | F31: =IFERROR(ROUND(AVERAGE('Data Historis 5 Tahun'!I122:I126),0),0) -> 30675 | G31: =IFERROR(ROUND(AVERAGE('Data Historis 5 Tahun'!J122:J126)*1.1152,0),0) -> 12673633 | H31: =IFERROR(ROUND(AVERAGE('Data Historis 5 Tahun'!K122:K126)*1.0861,0),0) -> 287656 | I31: =IFERROR(ROUND(1.65*AVERAGE('Data Historis 5 Tahun'!N122:N126)*SQRT(AVERAGE('Data Historis 5 Tahun'!H122:H126)),0),0) -> 204 | J31: =IFERROR(MAX(1,ROUND(F31/12,0)),1) -> 2556 | K31: =IFERROR(ROUND((F31/J31)*G31+(J31/2)*H31+I31*H31,0),0) -> 578404663 | L31: =IFERROR(ROUND(AVERAGE('Data Historis 5 Tahun'!J122:J126),0),0) -> 11364448 | M31: =IFERROR(ROUND(AVERAGE('Data Historis 5 Tahun'!K122:K126),0),0) -> 264853 | N31: =IFERROR(ROUND(1.65*AVERAGE('Data Historis 5 Tahun'!N122:N126)*SQRT(AVERAGE('Data Historis 5 Tahun'!H122:H126)),0),0) -> 204 | O31: =IFERROR(ROUND(SQRT(2*F31*L31/M31),0),0) -> 1622 | P31: =IFERROR(ROUND((F31/O31)*L31+(O31/2)*M31+N31*M31,0),0) -> 483748386 | Q31: =K31-P31 -> 94656277 | R31: =IFERROR(MAX(1,ROUND(O31*0.5,0)),1) -> 811 | S31: =IFERROR(ROUND((F31/R31)*L31,0),0) -> 429845182 | T31: =IFERROR(ROUND((R31/2)*M31+N31*M31,0),0) -> 161427904 | U31: =S31+T31 -> 591273086 | V31: =IFERROR(ROUND(O31*1.5,0),1) -> 2433 | W31: =IFERROR(ROUND((F31/V31)*L31,0),0) -> 143281727 | X31: =IFERROR(ROUND((F31/V31)*L31+(V31/2)*M31+N31*M31,0),0) -> 519505414 | Y31: =MIN(K31,P31,U31,X31) -> 483748386 | Z31: =IF(Y31=P31,"✅ EOQ (optimal)",IF(Y31=K31,"Q Obs Lama",IF(Y31=U31,"Q Kecil","Q Besar"))) -> ✅ EOQ (optimal) | AA31: =IFERROR(Q31/K31,0) -> 0.16365061
A32: 25 | B32: BB025 | C32: Cyclopentasiloxane | D32: Impor | E32: kg | F32: =IFERROR(ROUND(AVERAGE('Data Historis 5 Tahun'!I127:I131),0),0) -> 11249 | G32: =IFERROR(ROUND(AVERAGE('Data Historis 5 Tahun'!J127:J131)*1.1954,0),0) -> 8420959 | H32: =IFERROR(ROUND(AVERAGE('Data Historis 5 Tahun'!K127:K131)*1.0974,0),0) -> 567198 | I32: =IFERROR(ROUND(1.65*AVERAGE('Data Historis 5 Tahun'!N127:N131)*SQRT(AVERAGE('Data Historis 5 Tahun'!H127:H131)),0),0) -> 65 | J32: =IFERROR(MAX(1,ROUND(F32/12,0)),1) -> 937 | K32: =IFERROR(ROUND((F32/J32)*G32+(J32/2)*H32+I32*H32,0),0) -> 403696577 | L32: =IFERROR(ROUND(AVERAGE('Data Historis 5 Tahun'!J127:J131),0),0) -> 7044469 | M32: =IFERROR(ROUND(AVERAGE('Data Historis 5 Tahun'!K127:K131),0),0) -> 516857 | N32: =IFERROR(ROUND(1.65*AVERAGE('Data Historis 5 Tahun'!N127:N131)*SQRT(AVERAGE('Data Historis 5 Tahun'!H127:H131)),0),0) -> 65 | O32: =IFERROR(ROUND(SQRT(2*F32*L32/M32),0),0) -> 554 | P32: =IFERROR(ROUND((F32/O32)*L32+(O32/2)*M32+N32*M32,0),0) -> 319803419 | Q32: =K32-P32 -> 83893158 | R32: =IFERROR(MAX(1,ROUND(O32*0.5,0)),1) -> 277 | S32: =IFERROR(ROUND((F32/R32)*L32,0),0) -> 286076649 | T32: =IFERROR(ROUND((R32/2)*M32+N32*M32,0),0) -> 105180400 | U32: =S32+T32 -> 391257049 | V32: =IFERROR(ROUND(O32*1.5,0),1) -> 831 | W32: =IFERROR(ROUND((F32/V32)*L32,0),0) -> 95358883 | X32: =IFERROR(ROUND((F32/V32)*L32+(V32/2)*M32+N32*M32,0),0) -> 343708672 | Y32: =MIN(K32,P32,U32,X32) -> 319803419 | Z32: =IF(Y32=P32,"✅ EOQ (optimal)",IF(Y32=K32,"Q Obs Lama",IF(Y32=U32,"Q Kecil","Q Besar"))) -> ✅ EOQ (optimal) | AA32: =IFERROR(Q32/K32,0) -> 0.20781241
A33: 26 | B33: BB026 | C33: BHT | D33: Lokal | E33: kg | F33: =IFERROR(ROUND(AVERAGE('Data Historis 5 Tahun'!I132:I136),0),0) -> 50413 | G33: =IFERROR(ROUND(AVERAGE('Data Historis 5 Tahun'!J132:J136)*1.1555,0),0) -> 7511959 | H33: =IFERROR(ROUND(AVERAGE('Data Historis 5 Tahun'!K132:K136)*1.0772,0),0) -> 634890 | I33: =IFERROR(ROUND(1.65*AVERAGE('Data Historis 5 Tahun'!N132:N136)*SQRT(AVERAGE('Data Historis 5 Tahun'!H132:H136)),0),0) -> 320 | J33: =IFERROR(MAX(1,ROUND(F33/12,0)),1) -> 4201 | K33: =IFERROR(ROUND((F33/J33)*G33+(J33/2)*H33+I33*H33,0),0) -> 1626896541 | L33: =IFERROR(ROUND(AVERAGE('Data Historis 5 Tahun'!J132:J136),0),0) -> 6501046 | M33: =IFERROR(ROUND(AVERAGE('Data Historis 5 Tahun'!K132:K136),0),0) -> 589389 | N33: =IFERROR(ROUND(1.65*AVERAGE('Data Historis 5 Tahun'!N132:N136)*SQRT(AVERAGE('Data Historis 5 Tahun'!H132:H136)),0),0) -> 320 | O33: =IFERROR(ROUND(SQRT(2*F33*L33/M33),0),0) -> 1055 | P33: =IFERROR(ROUND((F33/O33)*L33+(O33/2)*M33+N33*M33,0),0) -> 810158582 | Q33: =K33-P33 -> 816737959 | R33: =IFERROR(MAX(1,ROUND(O33*0.5,0)),1) -> 528 | S33: =IFERROR(ROUND((F33/R33)*L33,0),0) -> 620714455 | T33: =IFERROR(ROUND((R33/2)*M33+N33*M33,0),0) -> 344203176 | U33: =S33+T33 -> 964917631 | V33: =IFERROR(ROUND(O33*1.5,0),1) -> 1583 | W33: =IFERROR(ROUND((F33/V33)*L33,0),0) -> 207035522 | X33: =IFERROR(ROUND((F33/V33)*L33+(V33/2)*M33+N33*M33,0),0) -> 862141396 | Y33: =MIN(K33,P33,U33,X33) -> 810158582 | Z33: =IF(Y33=P33,"✅ EOQ (optimal)",IF(Y33=K33,"Q Obs Lama",IF(Y33=U33,"Q Kecil","Q Besar"))) -> ✅ EOQ (optimal) | AA33: =IFERROR(Q33/K33,0) -> 0.50202206
A34: 27 | B34: BB027 | C34: Tocopheryl Acetate | D34: Impor | E34: kg | F34: =IFERROR(ROUND(AVERAGE('Data Historis 5 Tahun'!I137:I141),0),0) -> 43228 | G34: =IFERROR(ROUND(AVERAGE('Data Historis 5 Tahun'!J137:J141)*1.14,0),0) -> 2703657 | H34: =IFERROR(ROUND(AVERAGE('Data Historis 5 Tahun'!K137:K141)*1.1718,0),0) -> 227841 | I34: =IFERROR(ROUND(1.65*AVERAGE('Data Historis 5 Tahun'!N137:N141)*SQRT(AVERAGE('Data Historis 5 Tahun'!H137:H141)),0),0) -> 128 | J34: =IFERROR(MAX(1,ROUND(F34/12,0)),1) -> 3602 | K34: =IFERROR(ROUND((F34/J34)*G34+(J34/2)*H34+I34*H34,0),0) -> 471952175 | L34: =IFERROR(ROUND(AVERAGE('Data Historis 5 Tahun'!J137:J141),0),0) -> 2371629 | M34: =IFERROR(ROUND(AVERAGE('Data Historis 5 Tahun'!K137:K141),0),0) -> 194437 | N34: =IFERROR(ROUND(1.65*AVERAGE('Data Historis 5 Tahun'!N137:N141)*SQRT(AVERAGE('Data Historis 5 Tahun'!H137:H141)),0),0) -> 128 | O34: =IFERROR(ROUND(SQRT(2*F34*L34/M34),0),0) -> 1027 | P34: =IFERROR(ROUND((F34/O34)*L34+(O34/2)*M34+N34*M34,0),0) -> 224556826 | Q34: =K34-P34 -> 247395349 | R34: =IFERROR(MAX(1,ROUND(O34*0.5,0)),1) -> 514 | S34: =IFERROR(ROUND((F34/R34)*L34,0),0) -> 199456767 | T34: =IFERROR(ROUND((R34/2)*M34+N34*M34,0),0) -> 74858245 | U34: =S34+T34 -> 274315012 | V34: =IFERROR(ROUND(O34*1.5,0),1) -> 1541 | W34: =IFERROR(ROUND((F34/V34)*L34,0),0) -> 66528734 | X34: =IFERROR(ROUND((F34/V34)*L34+(V34/2)*M34+N34*M34,0),0) -> 241230378 | Y34: =MIN(K34,P34,U34,X34) -> 224556826 | Z34: =IF(Y34=P34,"✅ EOQ (optimal)",IF(Y34=K34,"Q Obs Lama",IF(Y34=U34,"Q Kecil","Q Besar"))) -> ✅ EOQ (optimal) | AA34: =IFERROR(Q34/K34,0) -> 0.5241958
A35: 28 | B35: BB028 | C35: Ascorbic Acid | D35: Lokal | E35: kg | F35: =IFERROR(ROUND(AVERAGE('Data Historis 5 Tahun'!I142:I146),0),0) -> 18984 | G35: =IFERROR(ROUND(AVERAGE('Data Historis 5 Tahun'!J142:J146)*1.1972,0),0) -> 935953 | H35: =IFERROR(ROUND(AVERAGE('Data Historis 5 Tahun'!K142:K146)*1.1292,0),0) -> 298216 | I35: =IFERROR(ROUND(1.65*AVERAGE('Data Historis 5 Tahun'!N142:N146)*SQRT(AVERAGE('Data Historis 5 Tahun'!H142:H146)),0),0) -> 60 | J35: =IFERROR(MAX(1,ROUND(F35/12,0)),1) -> 1582 | K35: =IFERROR(ROUND((F35/J35)*G35+(J35/2)*H35+I35*H35,0),0) -> 265013252 | L35: =IFERROR(ROUND(AVERAGE('Data Historis 5 Tahun'!J142:J146),0),0) -> 781785 | M35: =IFERROR(ROUND(AVERAGE('Data Historis 5 Tahun'!K142:K146),0),0) -> 264095 | N35: =IFERROR(ROUND(1.65*AVERAGE('Data Historis 5 Tahun'!N142:N146)*SQRT(AVERAGE('Data Historis 5 Tahun'!H142:H146)),0),0) -> 60 | O35: =IFERROR(ROUND(SQRT(2*F35*L35/M35),0),0) -> 335 | P35: =IFERROR(ROUND((F35/O35)*L35+(O35/2)*M35+N35*M35,0),0) -> 104384318 | Q35: =K35-P35 -> 160628934 | R35: =IFERROR(MAX(1,ROUND(O35*0.5,0)),1) -> 168 | S35: =IFERROR(ROUND((F35/R35)*L35,0),0) -> 88341705 | T35: =IFERROR(ROUND((R35/2)*M35+N35*M35,0),0) -> 38029680 | U35: =S35+T35 -> 126371385 | V35: =IFERROR(ROUND(O35*1.5,0),1) -> 503 | W35: =IFERROR(ROUND((F35/V35)*L35,0),0) -> 29505778 | X35: =IFERROR(ROUND((F35/V35)*L35+(V35/2)*M35+N35*M35,0),0) -> 111771371 | Y35: =MIN(K35,P35,U35,X35) -> 104384318 | Z35: =IF(Y35=P35,"✅ EOQ (optimal)",IF(Y35=K35,"Q Obs Lama",IF(Y35=U35,"Q Kecil","Q Besar"))) -> ✅ EOQ (optimal) | AA35: =IFERROR(Q35/K35,0) -> 0.60611661
A36: 29 | B36: BB029 | C36: Sodium Hyaluronate | D36: Impor | E36: kg | F36: =IFERROR(ROUND(AVERAGE('Data Historis 5 Tahun'!I147:I151),0),0) -> 16011 | G36: =IFERROR(ROUND(AVERAGE('Data Historis 5 Tahun'!J147:J151)*1.1257,0),0) -> 9948364 | H36: =IFERROR(ROUND(AVERAGE('Data Historis 5 Tahun'!K147:K151)*1.1448,0),0) -> 280826 | I36: =IFERROR(ROUND(1.65*AVERAGE('Data Historis 5 Tahun'!N147:N151)*SQRT(AVERAGE('Data Historis 5 Tahun'!H147:H151)),0),0) -> 91 | J36: =IFERROR(MAX(1,ROUND(F36/12,0)),1) -> 1334 | K36: =IFERROR(ROUND((F36/J36)*G36+(J36/2)*H36+I36*H36,0),0) -> 332268849 | L36: =IFERROR(ROUND(AVERAGE('Data Historis 5 Tahun'!J147:J151),0),0) -> 8837491 | M36: =IFERROR(ROUND(AVERAGE('Data Historis 5 Tahun'!K147:K151),0),0) -> 245306 | N36: =IFERROR(ROUND(1.65*AVERAGE('Data Historis 5 Tahun'!N147:N151)*SQRT(AVERAGE('Data Historis 5 Tahun'!H147:H151)),0),0) -> 91 | O36: =IFERROR(ROUND(SQRT(2*F36*L36/M36),0),0) -> 1074 | P36: =IFERROR(ROUND((F36/O36)*L36+(O36/2)*M36+N36*M36,0),0) -> 285799904 | Q36: =K36-P36 -> 46468945 | R36: =IFERROR(MAX(1,ROUND(O36*0.5,0)),1) -> 537 | S36: =IFERROR(ROUND((F36/R36)*L36,0),0) -> 263495472 | T36: =IFERROR(ROUND((R36/2)*M36+N36*M36,0),0) -> 88187507 | U36: =S36+T36 -> 351682979 | V36: =IFERROR(ROUND(O36*1.5,0),1) -> 1611 | W36: =IFERROR(ROUND((F36/V36)*L36,0),0) -> 87831824 | X36: =IFERROR(ROUND((F36/V36)*L36+(V36/2)*M36+N36*M36,0),0) -> 307748653 | Y36: =MIN(K36,P36,U36,X36) -> 285799904 | Z36: =IF(Y36=P36,"✅ EOQ (optimal)",IF(Y36=K36,"Q Obs Lama",IF(Y36=U36,"Q Kecil","Q Besar"))) -> ✅ EOQ (optimal) | AA36: =IFERROR(Q36/K36,0) -> 0.13985345
A37: 30 | B37: BB030 | C37: Aloe Vera Extract | D37: Lokal | E37: kg | F37: =IFERROR(ROUND(AVERAGE('Data Historis 5 Tahun'!I152:I156),0),0) -> 14744 | G37: =IFERROR(ROUND(AVERAGE('Data Historis 5 Tahun'!J152:J156)*1.1245,0),0) -> 843153 | H37: =IFERROR(ROUND(AVERAGE('Data Historis 5 Tahun'!K152:K156)*1.0993,0),0) -> 342853 | I37: =IFERROR(ROUND(1.65*AVERAGE('Data Historis 5 Tahun'!N152:N156)*SQRT(AVERAGE('Data Historis 5 Tahun'!H152:H156)),0),0) -> 31 | J37: =IFERROR(MAX(1,ROUND(F37/12,0)),1) -> 1229 | K37: =IFERROR(ROUND((F37/J37)*G37+(J37/2)*H37+I37*H37,0),0) -> 231426703 | L37: =IFERROR(ROUND(AVERAGE('Data Historis 5 Tahun'!J152:J156),0),0) -> 749803 | M37: =IFERROR(ROUND(AVERAGE('Data Historis 5 Tahun'!K152:K156),0),0) -> 311883 | N37: =IFERROR(ROUND(1.65*AVERAGE('Data Historis 5 Tahun'!N152:N156)*SQRT(AVERAGE('Data Historis 5 Tahun'!H152:H156)),0),0) -> 31 | O37: =IFERROR(ROUND(SQRT(2*F37*L37/M37),0),0) -> 266 | P37: =IFERROR(ROUND((F37/O37)*L37+(O37/2)*M37+N37*M37,0),0) -> 92709321 | Q37: =K37-P37 -> 138717382 | R37: =IFERROR(MAX(1,ROUND(O37*0.5,0)),1) -> 133 | S37: =IFERROR(ROUND((F37/R37)*L37,0),0) -> 83121018 | T37: =IFERROR(ROUND((R37/2)*M37+N37*M37,0),0) -> 30408593 | U37: =S37+T37 -> 113529611 | V37: =IFERROR(ROUND(O37*1.5,0),1) -> 399 | W37: =IFERROR(ROUND((F37/V37)*L37,0),0) -> 27707006 | X37: =IFERROR(ROUND((F37/V37)*L37+(V37/2)*M37+N37*M37,0),0) -> 99596038 | Y37: =MIN(K37,P37,U37,X37) -> 92709321 | Z37: =IF(Y37=P37,"✅ EOQ (optimal)",IF(Y37=K37,"Q Obs Lama",IF(Y37=U37,"Q Kecil","Q Besar"))) -> ✅ EOQ (optimal) | AA37: =IFERROR(Q37/K37,0) -> 0.59940093
A38: 31 | B38: BB031 | C38: Green Tea Extract | D38: Lokal | E38: kg | F38: =IFERROR(ROUND(AVERAGE('Data Historis 5 Tahun'!I157:I161),0),0) -> 44261 | G38: =IFERROR(ROUND(AVERAGE('Data Historis 5 Tahun'!J157:J161)*1.2484,0),0) -> 6433758 | H38: =IFERROR(ROUND(AVERAGE('Data Historis 5 Tahun'!K157:K161)*1.1332,0),0) -> 290079 | I38: =IFERROR(ROUND(1.65*AVERAGE('Data Historis 5 Tahun'!N157:N161)*SQRT(AVERAGE('Data Historis 5 Tahun'!H157:H161)),0),0) -> 251 | J38: =IFERROR(MAX(1,ROUND(F38/12,0)),1) -> 3688 | K38: =IFERROR(ROUND((F38/J38)*G38+(J38/2)*H38+I38*H38,0),0) -> 684929324 | L38: =IFERROR(ROUND(AVERAGE('Data Historis 5 Tahun'!J157:J161),0),0) -> 5153603 | M38: =IFERROR(ROUND(AVERAGE('Data Historis 5 Tahun'!K157:K161),0),0) -> 255982 | N38: =IFERROR(ROUND(1.65*AVERAGE('Data Historis 5 Tahun'!N157:N161)*SQRT(AVERAGE('Data Historis 5 Tahun'!H157:H161)),0),0) -> 251 | O38: =IFERROR(ROUND(SQRT(2*F38*L38/M38),0),0) -> 1335 | P38: =IFERROR(ROUND((F38/O38)*L38+(O38/2)*M38+N38*M38,0),0) -> 405983604 | Q38: =K38-P38 -> 278945720 | R38: =IFERROR(MAX(1,ROUND(O38*0.5,0)),1) -> 668 | S38: =IFERROR(ROUND((F38/R38)*L38,0),0) -> 341472489 | T38: =IFERROR(ROUND((R38/2)*M38+N38*M38,0),0) -> 149749470 | U38: =S38+T38 -> 491221959 | V38: =IFERROR(ROUND(O38*1.5,0),1) -> 2003 | W38: =IFERROR(ROUND((F38/V38)*L38,0),0) -> 113880990 | X38: =IFERROR(ROUND((F38/V38)*L38+(V38/2)*M38+N38*M38,0),0) -> 434498445 | Y38: =MIN(K38,P38,U38,X38) -> 405983604 | Z38: =IF(Y38=P38,"✅ EOQ (optimal)",IF(Y38=K38,"Q Obs Lama",IF(Y38=U38,"Q Kecil","Q Besar"))) -> ✅ EOQ (optimal) | AA38: =IFERROR(Q38/K38,0) -> 0.40726205
A39: 32 | B39: BB032 | C39: Chamomile Extract | D39: Impor | E39: kg | F39: =IFERROR(ROUND(AVERAGE('Data Historis 5 Tahun'!I162:I166),0),0) -> 15186 | G39: =IFERROR(ROUND(AVERAGE('Data Historis 5 Tahun'!J162:J166)*1.1835,0),0) -> 7587725 | H39: =IFERROR(ROUND(AVERAGE('Data Historis 5 Tahun'!K162:K166)*1.139,0),0) -> 480980 | I39: =IFERROR(ROUND(1.65*AVERAGE('Data Historis 5 Tahun'!N162:N166)*SQRT(AVERAGE('Data Historis 5 Tahun'!H162:H166)),0),0) -> 103 | J39: =IFERROR(MAX(1,ROUND(F39/12,0)),1) -> 1266 | K39: =IFERROR(ROUND((F39/J39)*G39+(J39/2)*H39+I39*H39,0),0) -> 445018019 | L39: =IFERROR(ROUND(AVERAGE('Data Historis 5 Tahun'!J162:J166),0),0) -> 6411259 | M39: =IFERROR(ROUND(AVERAGE('Data Historis 5 Tahun'!K162:K166),0),0) -> 422283 | N39: =IFERROR(ROUND(1.65*AVERAGE('Data Historis 5 Tahun'!N162:N166)*SQRT(AVERAGE('Data Historis 5 Tahun'!H162:H166)),0),0) -> 103 | O39: =IFERROR(ROUND(SQRT(2*F39*L39/M39),0),0) -> 679 | P39: =IFERROR(ROUND((F39/O39)*L39+(O39/2)*M39+N39*M39,0),0) -> 330249593 | Q39: =K39-P39 -> 114768426 | R39: =IFERROR(MAX(1,ROUND(O39*0.5,0)),1) -> 340 | S39: =IFERROR(ROUND((F39/R39)*L39,0),0) -> 286356998 | T39: =IFERROR(ROUND((R39/2)*M39+N39*M39,0),0) -> 115283259 | U39: =S39+T39 -> 401640257 | V39: =IFERROR(ROUND(O39*1.5,0),1) -> 1019 | W39: =IFERROR(ROUND((F39/V39)*L39,0),0) -> 95546005 | X39: =IFERROR(ROUND((F39/V39)*L39+(V39/2)*M39+N39*M39,0),0) -> 354194343 | Y39: =MIN(K39,P39,U39,X39) -> 330249593 | Z39: =IF(Y39=P39,"✅ EOQ (optimal)",IF(Y39=K39,"Q Obs Lama",IF(Y39=U39,"Q Kecil","Q Besar"))) -> ✅ EOQ (optimal) | AA39: =IFERROR(Q39/K39,0) -> 0.25789613
A40: 33 | B40: BB033 | C40: Licorice Extract | D40: Impor | E40: kg | F40: =IFERROR(ROUND(AVERAGE('Data Historis 5 Tahun'!I167:I171),0),0) -> 16471 | G40: =IFERROR(ROUND(AVERAGE('Data Historis 5 Tahun'!J167:J171)*1.2264,0),0) -> 2530049 | H40: =IFERROR(ROUND(AVERAGE('Data Historis 5 Tahun'!K167:K171)*1.1509,0),0) -> 349618 | I40: =IFERROR(ROUND(1.65*AVERAGE('Data Historis 5 Tahun'!N167:N171)*SQRT(AVERAGE('Data Historis 5 Tahun'!H167:H171)),0),0) -> 40 | J40: =IFERROR(MAX(1,ROUND(F40/12,0)),1) -> 1373 | K40: =IFERROR(ROUND((F40/J40)*G40+(J40/2)*H40+I40*H40,0),0) -> 284348851 | L40: =IFERROR(ROUND(AVERAGE('Data Historis 5 Tahun'!J167:J171),0),0) -> 2062989 | M40: =IFERROR(ROUND(AVERAGE('Data Historis 5 Tahun'!K167:K171),0),0) -> 303778 | N40: =IFERROR(ROUND(1.65*AVERAGE('Data Historis 5 Tahun'!N167:N171)*SQRT(AVERAGE('Data Historis 5 Tahun'!H167:H171)),0),0) -> 40 | O40: =IFERROR(ROUND(SQRT(2*F40*L40/M40),0),0) -> 473 | P40: =IFERROR(ROUND((F40/O40)*L40+(O40/2)*M40+N40*M40,0),0) -> 155832866 | Q40: =K40-P40 -> 128515985 | R40: =IFERROR(MAX(1,ROUND(O40*0.5,0)),1) -> 237 | S40: =IFERROR(ROUND((F40/R40)*L40,0),0) -> 143373383 | T40: =IFERROR(ROUND((R40/2)*M40+N40*M40,0),0) -> 48148813 | U40: =S40+T40 -> 191522196 | V40: =IFERROR(ROUND(O40*1.5,0),1) -> 710 | W40: =IFERROR(ROUND((F40/V40)*L40,0),0) -> 47858439 | X40: =IFERROR(ROUND((F40/V40)*L40+(V40/2)*M40+N40*M40,0),0) -> 167850749 | Y40: =MIN(K40,P40,U40,X40) -> 155832866 | Z40: =IF(Y40=P40,"✅ EOQ (optimal)",IF(Y40=K40,"Q Obs Lama",IF(Y40=U40,"Q Kecil","Q Besar"))) -> ✅ EOQ (optimal) | AA40: =IFERROR(Q40/K40,0) -> 0.4519659
A41: 34 | B41: BB034 | C41: Salicylic Acid | D41: Lokal | E41: kg | F41: =IFERROR(ROUND(AVERAGE('Data Historis 5 Tahun'!I172:I176),0),0) -> 41752 | G41: =IFERROR(ROUND(AVERAGE('Data Historis 5 Tahun'!J172:J176)*1.1344,0),0) -> 1615555 | H41: =IFERROR(ROUND(AVERAGE('Data Historis 5 Tahun'!K172:K176)*1.0542,0),0) -> 264883 | I41: =IFERROR(ROUND(1.65*AVERAGE('Data Historis 5 Tahun'!N172:N176)*SQRT(AVERAGE('Data Historis 5 Tahun'!H172:H176)),0),0) -> 123 | J41: =IFERROR(MAX(1,ROUND(F41/12,0)),1) -> 3479 | K41: =IFERROR(ROUND((F41/J41)*G41+(J41/2)*H41+I41*H41,0),0) -> 512733105 | L41: =IFERROR(ROUND(AVERAGE('Data Historis 5 Tahun'!J172:J176),0),0) -> 1424150 | M41: =IFERROR(ROUND(AVERAGE('Data Historis 5 Tahun'!K172:K176),0),0) -> 251264 | N41: =IFERROR(ROUND(1.65*AVERAGE('Data Historis 5 Tahun'!N172:N176)*SQRT(AVERAGE('Data Historis 5 Tahun'!H172:H176)),0),0) -> 123 | O41: =IFERROR(ROUND(SQRT(2*F41*L41/M41),0),0) -> 688 | P41: =IFERROR(ROUND((F41/O41)*L41+(O41/2)*M41+N41*M41,0),0) -> 203766321 | Q41: =K41-P41 -> 308966784 | R41: =IFERROR(MAX(1,ROUND(O41*0.5,0)),1) -> 344 | S41: =IFERROR(ROUND((F41/R41)*L41,0),0) -> 172852066 | T41: =IFERROR(ROUND((R41/2)*M41+N41*M41,0),0) -> 74122880 | U41: =S41+T41 -> 246974946 | V41: =IFERROR(ROUND(O41*1.5,0),1) -> 1032 | W41: =IFERROR(ROUND((F41/V41)*L41,0),0) -> 57617355 | X41: =IFERROR(ROUND((F41/V41)*L41+(V41/2)*M41+N41*M41,0),0) -> 218175051 | Y41: =MIN(K41,P41,U41,X41) -> 203766321 | Z41: =IF(Y41=P41,"✅ EOQ (optimal)",IF(Y41=K41,"Q Obs Lama",IF(Y41=U41,"Q Kecil","Q Besar"))) -> ✅ EOQ (optimal) | AA41: =IFERROR(Q41/K41,0) -> 0.60258794
A42: 35 | B42: BB035 | C42: Lactic Acid | D42: Lokal | E42: L | F42: =IFERROR(ROUND(AVERAGE('Data Historis 5 Tahun'!I177:I181),0),0) -> 5110 | G42: =IFERROR(ROUND(AVERAGE('Data Historis 5 Tahun'!J177:J181)*1.1473,0),0) -> 1178967 | H42: =IFERROR(ROUND(AVERAGE('Data Historis 5 Tahun'!K177:K181)*1.0848,0),0) -> 172458 | I42: =IFERROR(ROUND(1.65*AVERAGE('Data Historis 5 Tahun'!N177:N181)*SQRT(AVERAGE('Data Historis 5 Tahun'!H177:H181)),0),0) -> 16 | J42: =IFERROR(MAX(1,ROUND(F42/12,0)),1) -> 426 | K42: =IFERROR(ROUND((F42/J42)*G42+(J42/2)*H42+I42*H42,0),0) -> 53634951 | L42: =IFERROR(ROUND(AVERAGE('Data Historis 5 Tahun'!J177:J181),0),0) -> 1027601 | M42: =IFERROR(ROUND(AVERAGE('Data Historis 5 Tahun'!K177:K181),0),0) -> 158977 | N42: =IFERROR(ROUND(1.65*AVERAGE('Data Historis 5 Tahun'!N177:N181)*SQRT(AVERAGE('Data Historis 5 Tahun'!H177:H181)),0),0) -> 16 | O42: =IFERROR(ROUND(SQRT(2*F42*L42/M42),0),0) -> 257 | P42: =IFERROR(ROUND((F42/O42)*L42+(O42/2)*M42+N42*M42,0),0) -> 43404243 | Q42: =K42-P42 -> 10230708 | R42: =IFERROR(MAX(1,ROUND(O42*0.5,0)),1) -> 129 | S42: =IFERROR(ROUND((F42/R42)*L42,0),0) -> 40705745 | T42: =IFERROR(ROUND((R42/2)*M42+N42*M42,0),0) -> 12797649 | U42: =S42+T42 -> 53503394 | V42: =IFERROR(ROUND(O42*1.5,0),1) -> 386 | W42: =IFERROR(ROUND((F42/V42)*L42,0),0) -> 13603733 | X42: =IFERROR(ROUND((F42/V42)*L42+(V42/2)*M42+N42*M42,0),0) -> 46829926 | Y42: =MIN(K42,P42,U42,X42) -> 43404243 | Z42: =IF(Y42=P42,"✅ EOQ (optimal)",IF(Y42=K42,"Q Obs Lama",IF(Y42=U42,"Q Kecil","Q Besar"))) -> ✅ EOQ (optimal) | AA42: =IFERROR(Q42/K42,0) -> 0.19074704
A43: 36 | B43: BB036 | C43: Citric Acid | D43: Lokal | E43: kg | F43: =IFERROR(ROUND(AVERAGE('Data Historis 5 Tahun'!I182:I186),0),0) -> 11769 | G43: =IFERROR(ROUND(AVERAGE('Data Historis 5 Tahun'!J182:J186)*1.1316,0),0) -> 9573748 | H43: =IFERROR(ROUND(AVERAGE('Data Historis 5 Tahun'!K182:K186)*1.1726,0),0) -> 481365 | I43: =IFERROR(ROUND(1.65*AVERAGE('Data Historis 5 Tahun'!N182:N186)*SQRT(AVERAGE('Data Historis 5 Tahun'!H182:H186)),0),0) -> 70 | J43: =IFERROR(MAX(1,ROUND(F43/12,0)),1) -> 981 | K43: =IFERROR(ROUND((F43/J43)*G43+(J43/2)*H43+I43*H43,0),0) -> 384660781 | L43: =IFERROR(ROUND(AVERAGE('Data Historis 5 Tahun'!J182:J186),0),0) -> 8460364 | M43: =IFERROR(ROUND(AVERAGE('Data Historis 5 Tahun'!K182:K186),0),0) -> 410511 | N43: =IFERROR(ROUND(1.65*AVERAGE('Data Historis 5 Tahun'!N182:N186)*SQRT(AVERAGE('Data Historis 5 Tahun'!H182:H186)),0),0) -> 70 | O43: =IFERROR(ROUND(SQRT(2*F43*L43/M43),0),0) -> 696 | P43: =IFERROR(ROUND((F43/O43)*L43+(O43/2)*M43+N43*M43,0),0) -> 314653977 | Q43: =K43-P43 -> 70006804 | R43: =IFERROR(MAX(1,ROUND(O43*0.5,0)),1) -> 348 | S43: =IFERROR(ROUND((F43/R43)*L43,0),0) -> 286120758 | T43: =IFERROR(ROUND((R43/2)*M43+N43*M43,0),0) -> 100164684 | U43: =S43+T43 -> 386285442 | V43: =IFERROR(ROUND(O43*1.5,0),1) -> 1044 | W43: =IFERROR(ROUND((F43/V43)*L43,0),0) -> 95373586 | X43: =IFERROR(ROUND((F43/V43)*L43+(V43/2)*M43+N43*M43,0),0) -> 338396098 | Y43: =MIN(K43,P43,U43,X43) -> 314653977 | Z43: =IF(Y43=P43,"✅ EOQ (optimal)",IF(Y43=K43,"Q Obs Lama",IF(Y43=U43,"Q Kecil","Q Besar"))) -> ✅ EOQ (optimal) | AA43: =IFERROR(Q43/K43,0) -> 0.18199621
A44: 37 | B44: BB037 | C44: Triethanolamine | D44: Lokal | E44: kg | F44: =IFERROR(ROUND(AVERAGE('Data Historis 5 Tahun'!I187:I191),0),0) -> 29184 | G44: =IFERROR(ROUND(AVERAGE('Data Historis 5 Tahun'!J187:J191)*1.2315,0),0) -> 3089424 | H44: =IFERROR(ROUND(AVERAGE('Data Historis 5 Tahun'!K187:K191)*1.0909,0),0) -> 222046 | I44: =IFERROR(ROUND(1.65*AVERAGE('Data Historis 5 Tahun'!N187:N191)*SQRT(AVERAGE('Data Historis 5 Tahun'!H187:H191)),0),0) -> 76 | J44: =IFERROR(MAX(1,ROUND(F44/12,0)),1) -> 2432 | K44: =IFERROR(ROUND((F44/J44)*G44+(J44/2)*H44+I44*H44,0),0) -> 323956520 | L44: =IFERROR(ROUND(AVERAGE('Data Historis 5 Tahun'!J187:J191),0),0) -> 2508668 | M44: =IFERROR(ROUND(AVERAGE('Data Historis 5 Tahun'!K187:K191),0),0) -> 203544 | N44: =IFERROR(ROUND(1.65*AVERAGE('Data Historis 5 Tahun'!N187:N191)*SQRT(AVERAGE('Data Historis 5 Tahun'!H187:H191)),0),0) -> 76 | O44: =IFERROR(ROUND(SQRT(2*F44*L44/M44),0),0) -> 848 | P44: =IFERROR(ROUND((F44/O44)*L44+(O44/2)*M44+N44*M44,0),0) -> 188108046 | Q44: =K44-P44 -> 135848474 | R44: =IFERROR(MAX(1,ROUND(O44*0.5,0)),1) -> 424 | S44: =IFERROR(ROUND((F44/R44)*L44,0),0) -> 172672092 | T44: =IFERROR(ROUND((R44/2)*M44+N44*M44,0),0) -> 58620672 | U44: =S44+T44 -> 231292764 | V44: =IFERROR(ROUND(O44*1.5,0),1) -> 1272 | W44: =IFERROR(ROUND((F44/V44)*L44,0),0) -> 57557364 | X44: =IFERROR(ROUND((F44/V44)*L44+(V44/2)*M44+N44*M44,0),0) -> 202480692 | Y44: =MIN(K44,P44,U44,X44) -> 188108046 | Z44: =IF(Y44=P44,"✅ EOQ (optimal)",IF(Y44=K44,"Q Obs Lama",IF(Y44=U44,"Q Kecil","Q Besar"))) -> ✅ EOQ (optimal) | AA44: =IFERROR(Q44/K44,0) -> 0.41934169
A45: 38 | B45: BB038 | C45: Sodium Benzoate | D45: Lokal | E45: kg | F45: =IFERROR(ROUND(AVERAGE('Data Historis 5 Tahun'!I192:I196),0),0) -> 51398 | G45: =IFERROR(ROUND(AVERAGE('Data Historis 5 Tahun'!J192:J196)*1.1983,0),0) -> 6988828 | H45: =IFERROR(ROUND(AVERAGE('Data Historis 5 Tahun'!K192:K196)*1.1014,0),0) -> 383506 | I45: =IFERROR(ROUND(1.65*AVERAGE('Data Historis 5 Tahun'!N192:N196)*SQRT(AVERAGE('Data Historis 5 Tahun'!H192:H196)),0),0) -> 267 | J45: =IFERROR(MAX(1,ROUND(F45/12,0)),1) -> 4283 | K45: =IFERROR(ROUND((F45/J45)*G45+(J45/2)*H45+I45*H45,0),0) -> 1007543401 | L45: =IFERROR(ROUND(AVERAGE('Data Historis 5 Tahun'!J192:J196),0),0) -> 5832286 | M45: =IFERROR(ROUND(AVERAGE('Data Historis 5 Tahun'!K192:K196),0),0) -> 348199 | N45: =IFERROR(ROUND(1.65*AVERAGE('Data Historis 5 Tahun'!N192:N196)*SQRT(AVERAGE('Data Historis 5 Tahun'!H192:H196)),0),0) -> 267 | O45: =IFERROR(ROUND(SQRT(2*F45*L45/M45),0),0) -> 1312 | P45: =IFERROR(ROUND((F45/O45)*L45+(O45/2)*M45+N45*M45,0),0) -> 549869259 | Q45: =K45-P45 -> 457674142 | R45: =IFERROR(MAX(1,ROUND(O45*0.5,0)),1) -> 656 | S45: =IFERROR(ROUND((F45/R45)*L45,0),0) -> 456963164 | T45: =IFERROR(ROUND((R45/2)*M45+N45*M45,0),0) -> 207178405 | U45: =S45+T45 -> 664141569 | V45: =IFERROR(ROUND(O45*1.5,0),1) -> 1968 | W45: =IFERROR(ROUND((F45/V45)*L45,0),0) -> 152321055 | X45: =IFERROR(ROUND((F45/V45)*L45+(V45/2)*M45+N45*M45,0),0) -> 587918004 | Y45: =MIN(K45,P45,U45,X45) -> 549869259 | Z45: =IF(Y45=P45,"✅ EOQ (optimal)",IF(Y45=K45,"Q Obs Lama",IF(Y45=U45,"Q Kecil","Q Besar"))) -> ✅ EOQ (optimal) | AA45: =IFERROR(Q45/K45,0) -> 0.45424757
A46: 39 | B46: BB039 | C46: Potassium Sorbate | D46: Lokal | E46: kg | F46: =IFERROR(ROUND(AVERAGE('Data Historis 5 Tahun'!I197:I201),0),0) -> 25139 | G46: =IFERROR(ROUND(AVERAGE('Data Historis 5 Tahun'!J197:J201)*1.2372,0),0) -> 11919187 | H46: =IFERROR(ROUND(AVERAGE('Data Historis 5 Tahun'!K197:K201)*1.1097,0),0) -> 162889 | I46: =IFERROR(ROUND(1.65*AVERAGE('Data Historis 5 Tahun'!N197:N201)*SQRT(AVERAGE('Data Historis 5 Tahun'!H197:H201)),0),0) -> 128 | J46: =IFERROR(MAX(1,ROUND(F46/12,0)),1) -> 2095 | K46: =IFERROR(ROUND((F46/J46)*G46+(J46/2)*H46+I46*H46,0),0) -> 334500574 | L46: =IFERROR(ROUND(AVERAGE('Data Historis 5 Tahun'!J197:J201),0),0) -> 9634002 | M46: =IFERROR(ROUND(AVERAGE('Data Historis 5 Tahun'!K197:K201),0),0) -> 146787 | N46: =IFERROR(ROUND(1.65*AVERAGE('Data Historis 5 Tahun'!N197:N201)*SQRT(AVERAGE('Data Historis 5 Tahun'!H197:H201)),0),0) -> 128 | O46: =IFERROR(ROUND(SQRT(2*F46*L46/M46),0),0) -> 1817 | P46: =IFERROR(ROUND((F46/O46)*L46+(O46/2)*M46+N46*M46,0),0) -> 285435411 | Q46: =K46-P46 -> 49065163 | R46: =IFERROR(MAX(1,ROUND(O46*0.5,0)),1) -> 909 | S46: =IFERROR(ROUND((F46/R46)*L46,0),0) -> 266434737 | T46: =IFERROR(ROUND((R46/2)*M46+N46*M46,0),0) -> 85503428 | U46: =S46+T46 -> 351938165 | V46: =IFERROR(ROUND(O46*1.5,0),1) -> 2726 | W46: =IFERROR(ROUND((F46/V46)*L46,0),0) -> 88844159 | X46: =IFERROR(ROUND((F46/V46)*L46+(V46/2)*M46+N46*M46,0),0) -> 307703576 | Y46: =MIN(K46,P46,U46,X46) -> 285435411 | Z46: =IF(Y46=P46,"✅ EOQ (optimal)",IF(Y46=K46,"Q Obs Lama",IF(Y46=U46,"Q Kecil","Q Besar"))) -> ✅ EOQ (optimal) | AA46: =IFERROR(Q46/K46,0) -> 0.14668185
A47: 40 | B47: BB040 | C47: Methylparaben | D47: Lokal | E47: kg | F47: =IFERROR(ROUND(AVERAGE('Data Historis 5 Tahun'!I202:I206),0),0) -> 51676 | G47: =IFERROR(ROUND(AVERAGE('Data Historis 5 Tahun'!J202:J206)*1.1397,0),0) -> 7013034 | H47: =IFERROR(ROUND(AVERAGE('Data Historis 5 Tahun'!K202:K206)*1.0821,0),0) -> 339060 | I47: =IFERROR(ROUND(1.65*AVERAGE('Data Historis 5 Tahun'!N202:N206)*SQRT(AVERAGE('Data Historis 5 Tahun'!H202:H206)),0),0) -> 324 | J47: =IFERROR(MAX(1,ROUND(F47/12,0)),1) -> 4306 | K47: =IFERROR(ROUND((F47/J47)*G47+(J47/2)*H47+I47*H47,0),0) -> 924014543 | L47: =IFERROR(ROUND(AVERAGE('Data Historis 5 Tahun'!J202:J206),0),0) -> 6153404 | M47: =IFERROR(ROUND(AVERAGE('Data Historis 5 Tahun'!K202:K206),0),0) -> 313335 | N47: =IFERROR(ROUND(1.65*AVERAGE('Data Historis 5 Tahun'!N202:N206)*SQRT(AVERAGE('Data Historis 5 Tahun'!H202:H206)),0),0) -> 324 | O47: =IFERROR(ROUND(SQRT(2*F47*L47/M47),0),0) -> 1425 | P47: =IFERROR(ROUND((F47/O47)*L47+(O47/2)*M47+N47*M47,0),0) -> 547917907 | Q47: =K47-P47 -> 376096636 | R47: =IFERROR(MAX(1,ROUND(O47*0.5,0)),1) -> 713 | S47: =IFERROR(ROUND((F47/R47)*L47,0),0) -> 445979390 | T47: =IFERROR(ROUND((R47/2)*M47+N47*M47,0),0) -> 213224468 | U47: =S47+T47 -> 659203858 | V47: =IFERROR(ROUND(O47*1.5,0),1) -> 2138 | W47: =IFERROR(ROUND((F47/V47)*L47,0),0) -> 148729329 | X47: =IFERROR(ROUND((F47/V47)*L47+(V47/2)*M47+N47*M47,0),0) -> 585204984 | Y47: =MIN(K47,P47,U47,X47) -> 547917907 | Z47: =IF(Y47=P47,"✅ EOQ (optimal)",IF(Y47=K47,"Q Obs Lama",IF(Y47=U47,"Q Kecil","Q Besar"))) -> ✅ EOQ (optimal) | AA47: =IFERROR(Q47/K47,0) -> 0.40702459
A48: 41 | B48: BB041 | C48: Propylparaben | D48: Lokal | E48: kg | F48: =IFERROR(ROUND(AVERAGE('Data Historis 5 Tahun'!I207:I211),0),0) -> 43366 | G48: =IFERROR(ROUND(AVERAGE('Data Historis 5 Tahun'!J207:J211)*1.1842,0),0) -> 2146381 | H48: =IFERROR(ROUND(AVERAGE('Data Historis 5 Tahun'!K207:K211)*1.0842,0),0) -> 528675 | I48: =IFERROR(ROUND(1.65*AVERAGE('Data Historis 5 Tahun'!N207:N211)*SQRT(AVERAGE('Data Historis 5 Tahun'!H207:H211)),0),0) -> 150 | J48: =IFERROR(MAX(1,ROUND(F48/12,0)),1) -> 3614 | K48: =IFERROR(ROUND((F48/J48)*G48+(J48/2)*H48+I48*H48,0),0) -> 1060372359 | L48: =IFERROR(ROUND(AVERAGE('Data Historis 5 Tahun'!J207:J211),0),0) -> 1812516 | M48: =IFERROR(ROUND(AVERAGE('Data Historis 5 Tahun'!K207:K211),0),0) -> 487618 | N48: =IFERROR(ROUND(1.65*AVERAGE('Data Historis 5 Tahun'!N207:N211)*SQRT(AVERAGE('Data Historis 5 Tahun'!H207:H211)),0),0) -> 150 | O48: =IFERROR(ROUND(SQRT(2*F48*L48/M48),0),0) -> 568 | P48: =IFERROR(ROUND((F48/O48)*L48+(O48/2)*M48+N48*M48,0),0) -> 350009256 | Q48: =K48-P48 -> 710363103 | R48: =IFERROR(MAX(1,ROUND(O48*0.5,0)),1) -> 284 | S48: =IFERROR(ROUND((F48/R48)*L48,0),0) -> 276766088 | T48: =IFERROR(ROUND((R48/2)*M48+N48*M48,0),0) -> 142384456 | U48: =S48+T48 -> 419150544 | V48: =IFERROR(ROUND(O48*1.5,0),1) -> 852 | W48: =IFERROR(ROUND((F48/V48)*L48,0),0) -> 92255363 | X48: =IFERROR(ROUND((F48/V48)*L48+(V48/2)*M48+N48*M48,0),0) -> 373123331 | Y48: =MIN(K48,P48,U48,X48) -> 350009256 | Z48: =IF(Y48=P48,"✅ EOQ (optimal)",IF(Y48=K48,"Q Obs Lama",IF(Y48=U48,"Q Kecil","Q Besar"))) -> ✅ EOQ (optimal) | AA48: =IFERROR(Q48/K48,0) -> 0.66991854
